code,number,type,goal,room_number,floor_space,state,price,availability_date,address_street_number,address_street,address_city,address_postal_code,address_country
acc-75053766-112,1,HOUSE,RENT,1,9,GOOD,$0.10,24-12-2023,2577,Wayridge,Sunan,,North Korea
acc-70276789-687,2,APARTMENT,SALE,2,9,VERY_GOOD,$7.91,21-01-2024,93696,Gale,Hehe,,China
acc-29110607-935,3,HOUSE,RENT,3,9,NEW,$9.96,28-12-2023,0756,John Wall,Zhenkou,,China
acc-56476335-976,4,HOUSE,RENT,4,9,VERY_GOOD,$6.99,28-01-2024,55,Independence,Xin Bulag,,China
acc-92158022-920,5,HOUSE,SALE,5,9,QUITE_GOOD,$9.16,06-12-2023,154,Green Ridge,Huzhen,,China
acc-65206850-303,6,HOUSE,SALE,6,9,VERY_GOOD,$9.08,25-12-2023,6565,Quincy,Pakemitan,,Indonesia
acc-64998415-318,7,APARTMENT,RENT,7,9,GOOD,$3.39,11-02-2024,78,Carioca,Kołczygłowy,77-140,Poland
acc-58990147-533,8,HOUSE,RENT,8,9,GOOD,$4.00,25-02-2024,0,Sullivan,Lengshuijing,,China
acc-87983422-928,9,HOUSE,RENT,9,9,GOOD,$4.30,04-01-2024,78218,Dryden,Alameda,45630,Mexico
acc-45472594-445,10,APARTMENT,RENT,10,9,GOOD,$6.67,13-02-2024,97,Stoughton,Nouna,,Burkina Faso
acc-31374506-910,11,APARTMENT,SALE,11,9,VERY_GOOD,$2.14,13-01-2024,05734,Mariners Cove,Rado,,Indonesia
acc-40640178-618,12,APARTMENT,SALE,12,9,NEW,$3.78,10-01-2024,5,Stone Corner,Łaszczów,22-650,Poland
acc-98229626-715,13,APARTMENT,RENT,13,9,QUITE_GOOD,$0.90,08-02-2024,71,Arapahoe,Lemenhe,4775-404,Portugal
acc-97181564-704,14,APARTMENT,SALE,14,9,NEW,$1.50,01-02-2024,7010,Eggendart,Zhonglong,,China
acc-03089086-936,15,APARTMENT,RENT,15,9,NEW,$6.63,22-01-2024,304,Fisk,Hödrögö,,Mongolia
acc-75667364-828,16,HOUSE,RENT,16,9,NEW,$2.65,21-01-2024,10,Johnson,Huyuan,,China
acc-49534746-379,17,HOUSE,SALE,17,9,VERY_GOOD,$8.93,04-12-2023,27,Sunbrook,Coyaima,735037,Colombia
acc-52355862-390,18,HOUSE,RENT,18,9,NEW,$3.01,20-01-2024,9804,Dapin,Yebaishou,,China
acc-20667990-652,19,APARTMENT,SALE,19,9,VERY_GOOD,$4.14,16-02-2024,1,Springs,Guifeng,,China
acc-00885499-748,20,HOUSE,SALE,20,9,NEW,$5.21,06-01-2024,74385,Moose,Trondheim,7425,Norway
acc-91536299-118,21,HOUSE,RENT,21,9,VERY_GOOD,$1.64,08-12-2023,9,Crest Line,Colmar,68020 CEDEX,France
acc-46956473-295,22,APARTMENT,SALE,22,9,VERY_GOOD,$6.69,23-01-2024,108,Manitowish,Limatambo,,Peru
acc-02856724-363,23,HOUSE,SALE,23,9,VERY_GOOD,$1.07,01-01-2024,50,Thompson,Markušica,32213,Croatia
acc-74428039-984,24,APARTMENT,RENT,24,9,QUITE_GOOD,$6.93,29-02-2024,2102,Amoth,New York City,10150,United States
acc-72892412-607,25,APARTMENT,RENT,25,9,NEW,$0.01,24-02-2024,761,Laurel,Pizhanka,613380,Russia
acc-23561155-765,26,APARTMENT,SALE,26,10,VERY_GOOD,$8.30,25-02-2024,260,School,Itaguaçu,29690-000,Brazil
acc-56662172-377,27,HOUSE,RENT,27,10,NEW,$6.72,21-02-2024,8670,Lukken,Tangxing,,China
acc-31762847-404,28,APARTMENT,RENT,28,10,QUITE_GOOD,$7.95,19-01-2024,254,Union,Consolación del Sur,,Cuba
acc-09387427-016,29,HOUSE,SALE,29,10,QUITE_GOOD,$2.47,22-02-2024,5,Tony,Shangxian,,China
acc-93959993-130,30,HOUSE,SALE,30,10,GOOD,$5.30,05-01-2024,37903,Norway Maple,Ciguna,,Indonesia
acc-35979262-103,31,APARTMENT,RENT,31,10,QUITE_GOOD,$0.78,02-12-2023,4937,Corben,Donetsk,,Ukraine
acc-02863085-866,32,HOUSE,RENT,32,10,GOOD,$7.69,22-12-2023,1,Chinook,West Palm Beach,33411,United States
acc-87081175-315,33,HOUSE,RENT,33,10,NEW,$9.51,20-12-2023,1,Roxbury,Bataiporã,36980-000,Brazil
acc-07486440-907,34,APARTMENT,RENT,34,10,VERY_GOOD,$9.22,08-02-2024,3217,Muir,Dadu,76200,Pakistan
acc-31214026-788,35,HOUSE,SALE,35,10,QUITE_GOOD,$2.59,04-02-2024,4592,American Ash,Asaka,963-0107,Japan
acc-36124602-081,36,APARTMENT,RENT,36,10,QUITE_GOOD,$3.42,26-01-2024,3,Schiller,Eshowe,3850,South Africa
acc-19368382-492,37,APARTMENT,SALE,37,10,NEW,$7.04,24-12-2023,80,David,Mangulewa,,Indonesia
acc-91813164-738,38,APARTMENT,SALE,38,10,QUITE_GOOD,$9.17,13-02-2024,35,Rutledge,Plaju,,Indonesia
acc-43607193-259,39,HOUSE,RENT,39,10,VERY_GOOD,$4.09,04-12-2023,12,Kropf,Tiébo,,Senegal
acc-15103152-511,40,HOUSE,RENT,40,10,NEW,$5.80,22-12-2023,35085,Paget,Čajniče,,Bosnia and Herzegovina
acc-62665583-354,41,APARTMENT,SALE,41,10,VERY_GOOD,$0.75,16-02-2024,31177,Del Mar,Kolochava,,Ukraine
acc-96233728-613,42,HOUSE,RENT,42,10,QUITE_GOOD,$4.39,27-02-2024,87,Loomis,Jianshe,,China
acc-43183766-618,43,APARTMENT,RENT,43,10,QUITE_GOOD,$2.81,17-02-2024,746,Manley,Welibo,,Indonesia
acc-93636763-504,44,HOUSE,RENT,44,10,GOOD,$8.92,07-02-2024,895,Grover,Kuantan,25532,Malaysia
acc-15179602-793,45,HOUSE,RENT,45,10,NEW,$0.57,15-01-2024,15926,Sugar,Krajan Alastengah,,Indonesia
acc-18644974-943,46,APARTMENT,RENT,46,10,VERY_GOOD,$0.58,21-01-2024,22,Menomonie,Miyang,,China
acc-28438215-910,47,HOUSE,RENT,47,10,QUITE_GOOD,$7.15,02-12-2023,896,Sage,Ferme-Neuve,V5Y,Canada
acc-07679667-883,48,HOUSE,SALE,48,10,VERY_GOOD,$4.98,03-02-2024,76442,Hauk,Unquillo,5109,Argentina
acc-26414465-826,49,HOUSE,RENT,49,10,NEW,$4.94,03-02-2024,45234,Havey,Pyhäjoki,86101,Finland
acc-29552050-338,50,HOUSE,RENT,50,10,QUITE_GOOD,$8.06,29-12-2023,7317,Mcbride,Halayhayin,4010,Philippines
acc-85629813-030,51,HOUSE,SALE,51,11,QUITE_GOOD,$9.72,16-01-2024,3,Troy,Phan Rang-Tháp Chàm,,Vietnam
acc-25108237-097,52,HOUSE,SALE,52,11,NEW,$2.34,03-02-2024,018,Monument,Saurama,,Peru
acc-16833402-474,53,APARTMENT,SALE,53,11,QUITE_GOOD,$7.58,17-02-2024,1669,Merrick,Pak Thong Chai,30150,Thailand
acc-30709466-601,54,HOUSE,SALE,54,11,GOOD,$4.15,30-12-2023,94,Bartillon,Nanterre,92024 CEDEX,France
acc-13263089-373,55,APARTMENT,RENT,55,11,VERY_GOOD,$2.23,31-12-2023,7,Upham,Montijo,2870-005,Portugal
acc-86933448-466,56,APARTMENT,RENT,56,11,QUITE_GOOD,$9.66,31-12-2023,2,Kensington,Arpajon,91295 CEDEX,France
acc-23824824-296,57,APARTMENT,SALE,57,11,QUITE_GOOD,$9.10,10-02-2024,5676,Shoshone,Xiaohekou,,China
acc-17337105-290,58,HOUSE,SALE,58,11,NEW,$4.46,11-12-2023,68,Melrose,San Juan Bautista,10016,Guatemala
acc-45205700-435,59,HOUSE,SALE,59,11,VERY_GOOD,$8.60,01-12-2023,508,Clarendon,Karlskoga,691 78,Sweden
acc-27371734-688,60,APARTMENT,SALE,60,11,GOOD,$0.53,26-12-2023,79378,Sunnyside,Chavães,5120-105,Portugal
acc-67741360-539,61,HOUSE,RENT,61,11,NEW,$2.94,15-02-2024,23471,Rusk,Gadzhiyevo,623075,Russia
acc-59490948-152,62,HOUSE,RENT,62,11,GOOD,$0.46,12-01-2024,9731,Eastwood,Figueira,8650-153,Portugal
acc-84756360-439,63,APARTMENT,RENT,63,11,QUITE_GOOD,$9.39,19-02-2024,3690,Lyons,Svalyava,,Ukraine
acc-12226033-182,64,HOUSE,RENT,64,11,NEW,$1.38,05-02-2024,8,Cordelia,Bela Vista,79260-000,Brazil
acc-97591222-261,65,HOUSE,SALE,65,11,VERY_GOOD,$4.91,08-02-2024,37,Pleasure,Makrychóri,,Greece
acc-25409639-312,66,APARTMENT,RENT,66,11,GOOD,$6.18,13-12-2023,234,Mayer,Teresa,1880,Philippines
acc-65913194-972,67,APARTMENT,RENT,67,11,GOOD,$4.76,27-02-2024,63,Iowa,Fenjie,,China
acc-26939157-758,68,HOUSE,SALE,68,11,GOOD,$6.22,11-01-2024,33,Havey,Kose,,Estonia
acc-41487386-368,69,APARTMENT,RENT,69,11,QUITE_GOOD,$9.84,06-01-2024,81,Autumn Leaf,Caringin Lor,,Indonesia
acc-48461110-575,70,HOUSE,SALE,70,11,GOOD,$5.66,08-01-2024,6345,New Castle,Kronoby,01760,Finland
acc-66889097-403,71,HOUSE,RENT,71,11,NEW,$1.15,07-02-2024,8,Weeping Birch,Barão de Cocais,35970-000,Brazil
acc-89061581-545,72,APARTMENT,SALE,72,11,GOOD,$8.38,03-02-2024,64,Tomscot,Xinning,,China
acc-68560968-422,73,APARTMENT,SALE,73,11,GOOD,$8.33,03-12-2023,8,Hintze,Borodinskiy,188961,Russia
acc-53941587-545,74,APARTMENT,SALE,74,11,NEW,$3.82,29-01-2024,9,Straubel,Mercedes,,Uruguay
acc-83576757-594,75,APARTMENT,SALE,75,11,QUITE_GOOD,$7.70,28-12-2023,856,Debra,Estombar,8400-017,Portugal
acc-72052687-799,76,HOUSE,SALE,76,12,NEW,$7.92,15-01-2024,96658,Fuller,Berekum,,Ghana
acc-29733881-394,77,HOUSE,SALE,77,12,VERY_GOOD,$7.57,21-02-2024,2,Hallows,Antsohimbondrona,,Madagascar
acc-32748264-613,78,APARTMENT,SALE,78,12,VERY_GOOD,$4.60,07-12-2023,7,Elka,Motala,591 94,Sweden
acc-10920738-122,79,HOUSE,SALE,79,12,GOOD,$1.46,07-12-2023,61,Transport,Taroudant,,Morocco
acc-34033785-490,80,HOUSE,SALE,80,12,VERY_GOOD,$7.96,28-01-2024,3,Waxwing,Wufeng,,China
acc-18432282-182,81,APARTMENT,RENT,81,12,QUITE_GOOD,$5.46,13-02-2024,6,Nova,Suba,2433,Philippines
acc-81103306-921,82,HOUSE,RENT,82,12,NEW,$9.79,11-12-2023,808,Green,Bình Thủy,,Vietnam
acc-68998808-474,83,HOUSE,SALE,83,12,VERY_GOOD,$7.57,07-02-2024,6,Blaine,Armenta,,Honduras
acc-75655967-522,84,HOUSE,SALE,84,12,QUITE_GOOD,$1.03,31-12-2023,7972,Sachs,Hufang,,China
acc-61986543-760,85,APARTMENT,SALE,85,12,NEW,$8.09,14-12-2023,024,West,Wien,1200,Austria
acc-08723210-154,86,APARTMENT,SALE,86,12,NEW,$2.33,06-01-2024,25331,Magdeline,Banjar Pekandelan,,Indonesia
acc-06862422-300,87,HOUSE,RENT,87,12,NEW,$3.75,10-01-2024,3076,Vidon,Fenghuo,,China
acc-74527972-752,88,APARTMENT,RENT,88,12,QUITE_GOOD,$3.26,13-12-2023,625,Summerview,Domsjö,892 34,Sweden
acc-04799814-053,89,HOUSE,SALE,89,12,QUITE_GOOD,$4.47,21-02-2024,5,Hollow Ridge,Taoyang,,China
acc-24778183-650,90,HOUSE,SALE,90,12,NEW,$3.02,24-01-2024,08,Logan,Chaoyang,,China
acc-18324773-280,91,APARTMENT,SALE,91,12,VERY_GOOD,$2.45,18-02-2024,6,Marcy,Bichura,671360,Russia
acc-06907406-268,92,HOUSE,SALE,92,12,VERY_GOOD,$2.71,07-02-2024,78,Bunker Hill,Talcahuano,,Chile
acc-06914148-003,93,HOUSE,RENT,93,12,QUITE_GOOD,$4.55,25-01-2024,0875,Barby,Ariana,,Tunisia
acc-77947988-182,94,HOUSE,SALE,94,12,QUITE_GOOD,$6.90,05-02-2024,9,Anderson,Pasirdalem,,Indonesia
acc-52981717-708,95,HOUSE,RENT,95,12,QUITE_GOOD,$6.88,16-02-2024,0331,Stang,Paldit,1422,Philippines
acc-99082632-292,96,APARTMENT,RENT,96,12,NEW,$5.71,27-02-2024,2,Westend,Fuyong,,China
acc-03489286-224,97,HOUSE,RENT,97,12,QUITE_GOOD,$8.65,21-01-2024,51,Carioca,Pakemitan Dua,,Indonesia
acc-75657871-781,98,HOUSE,SALE,98,12,VERY_GOOD,$6.69,23-01-2024,729,Graedel,Qarshi,,Uzbekistan
acc-13685422-856,99,APARTMENT,SALE,99,12,GOOD,$6.06,10-02-2024,91880,Badeau,Az Zāhir,,Yemen
acc-56847601-648,100,APARTMENT,SALE,100,12,VERY_GOOD,$5.66,04-12-2023,03134,Cody,Ponta do Sol,,Cape Verde
acc-65327935-980,101,APARTMENT,SALE,101,13,QUITE_GOOD,$3.62,02-01-2024,0,Annamark,Kuishan,,China
acc-51275900-214,102,APARTMENT,RENT,102,13,GOOD,$2.25,20-02-2024,78651,Laurel,Igaraçu do Tietê,17350-000,Brazil
acc-20298250-551,103,APARTMENT,RENT,103,13,NEW,$1.09,26-01-2024,2,Rutledge,Kłomnice,42-270,Poland
acc-58646013-921,104,HOUSE,RENT,104,13,QUITE_GOOD,$0.02,02-01-2024,95711,Wayridge,Mirzāpur,1945,Bangladesh
acc-24743521-177,105,APARTMENT,RENT,105,13,GOOD,$3.63,15-12-2023,408,Muir,Quintong,2417,Philippines
acc-20656584-001,106,APARTMENT,RENT,106,13,QUITE_GOOD,$7.90,09-12-2023,479,Bowman,Xibin,,China
acc-98393995-776,107,HOUSE,RENT,107,13,VERY_GOOD,$3.56,23-02-2024,1,Forster,Kotovo,403800,Russia
acc-50926696-998,108,HOUSE,RENT,108,13,GOOD,$1.37,25-12-2023,398,Fieldstone,Yelizavetinskaya,385123,Russia
acc-78970930-802,109,APARTMENT,RENT,109,13,GOOD,$5.70,14-12-2023,85,Bonner,Vyšší Brod,382 73,Czech Republic
acc-47207535-643,110,HOUSE,SALE,110,13,VERY_GOOD,$9.74,11-02-2024,66,High Crossing,Solok Timur,,Indonesia
acc-58812395-139,111,HOUSE,RENT,111,13,GOOD,$0.13,17-02-2024,9336,Dorton,Plottier,8316,Argentina
acc-83674409-114,112,APARTMENT,RENT,112,13,VERY_GOOD,$3.96,21-02-2024,6964,Cambridge,Mojo,,Indonesia
acc-10055393-937,113,HOUSE,SALE,113,13,GOOD,$4.53,22-02-2024,871,Dawn,Bauang,2501,Philippines
acc-52208572-011,114,APARTMENT,RENT,114,13,NEW,$6.34,26-12-2023,04,Canary,Cicuco,132557,Colombia
acc-55624824-696,115,HOUSE,RENT,115,13,VERY_GOOD,$7.05,07-02-2024,5881,Donald,Kašina,10362,Croatia
acc-41689020-642,116,HOUSE,RENT,116,13,GOOD,$2.47,16-12-2023,2430,Merrick,Bella Vista,9400,Argentina
acc-49591616-698,117,HOUSE,SALE,117,13,QUITE_GOOD,$0.86,03-12-2023,3,Mandrake,Xinhua,,China
acc-49750767-440,118,APARTMENT,RENT,118,13,QUITE_GOOD,$1.78,22-02-2024,2,Utah,Santa Quitéria,62280-000,Brazil
acc-14680910-325,119,HOUSE,RENT,119,13,QUITE_GOOD,$7.04,09-12-2023,4,Eagle Crest,Munjul,,Indonesia
acc-18439540-277,120,APARTMENT,RENT,120,13,NEW,$7.21,19-12-2023,42438,Northridge,Tiannan,,China
acc-41422930-825,121,APARTMENT,SALE,121,13,NEW,$0.21,26-01-2024,7943,Nova,Nofoali‘i,,Samoa
acc-05796807-421,122,HOUSE,RENT,122,13,VERY_GOOD,$2.46,01-12-2023,8,Hansons,Bengtsfors,666 23,Sweden
acc-73671399-246,123,HOUSE,SALE,123,13,GOOD,$2.99,08-02-2024,09747,Kim,Sipocot,4408,Philippines
acc-67434708-047,124,APARTMENT,RENT,124,13,GOOD,$6.05,19-02-2024,866,Carberry,Shuiyang,,China
acc-97570717-546,125,HOUSE,RENT,125,13,VERY_GOOD,$0.19,11-12-2023,5344,Milwaukee,Plottier,8316,Argentina
acc-67623546-786,126,HOUSE,SALE,126,14,VERY_GOOD,$7.78,15-12-2023,12,Cordelia,Saiki,305-0028,Japan
acc-60220776-784,127,HOUSE,RENT,127,14,NEW,$2.90,07-12-2023,0101,Blue Bill Park,Sandayong Sur,6344,Philippines
acc-13677425-833,128,APARTMENT,RENT,128,14,NEW,$5.06,17-01-2024,13,Swallow,Soreang,,Indonesia
acc-97065711-205,129,HOUSE,SALE,129,14,GOOD,$3.62,05-02-2024,6660,Daystar,Suvorov,301439,Russia
acc-91081420-196,130,APARTMENT,SALE,130,14,NEW,$4.11,10-12-2023,6,Tennyson,Sindangsari,,Indonesia
acc-09334643-650,131,APARTMENT,RENT,131,14,GOOD,$9.76,31-01-2024,003,Mallory,Batulawang,,Indonesia
acc-65074503-459,132,HOUSE,RENT,132,14,QUITE_GOOD,$9.20,04-01-2024,494,Messerschmidt,Dom Pedrito,96450-000,Brazil
acc-70239376-374,133,HOUSE,SALE,133,14,NEW,$5.55,03-12-2023,6513,Basil,L’vovskiy,142390,Russia
acc-29115348-017,134,HOUSE,SALE,134,14,NEW,$5.11,22-01-2024,4,Banding,Donskoye,399240,Russia
acc-32163581-554,135,APARTMENT,RENT,135,14,GOOD,$0.62,10-01-2024,37544,Barnett,Gislaved,332 24,Sweden
acc-80341993-756,136,APARTMENT,RENT,136,14,GOOD,$9.96,09-01-2024,73,Dwight,Montgomery,36109,United States
acc-19354283-393,137,HOUSE,SALE,137,14,QUITE_GOOD,$1.48,10-01-2024,13515,Lunder,Jembayan Hitam,,Indonesia
acc-30318343-769,138,APARTMENT,SALE,138,14,QUITE_GOOD,$4.54,26-01-2024,21,Schmedeman,Linhares,4620-620,Portugal
acc-83832865-030,139,APARTMENT,SALE,139,14,QUITE_GOOD,$7.38,06-02-2024,8611,Dahle,Ipil,7001,Philippines
acc-57603926-127,140,APARTMENT,RENT,140,14,NEW,$3.42,07-12-2023,32669,Dapin,Vilya,607040,Russia
acc-27666630-127,141,HOUSE,SALE,141,14,QUITE_GOOD,$9.44,09-12-2023,649,Springview,København,1532,Denmark
acc-53659396-222,142,HOUSE,SALE,142,14,NEW,$2.05,14-12-2023,03693,Scott,Kolonia Town,,Micronesia
acc-85047482-949,143,HOUSE,RENT,143,14,QUITE_GOOD,$8.90,19-02-2024,30,Novick,La Jagua de Ibirico,203027,Colombia
acc-71201830-919,144,HOUSE,RENT,144,14,VERY_GOOD,$4.50,13-12-2023,275,Debra,Ganxi,,China
acc-50107474-770,145,APARTMENT,RENT,145,14,QUITE_GOOD,$8.42,09-02-2024,80110,Brickson Park,Songjiang,,China
acc-91498155-683,146,APARTMENT,SALE,146,14,QUITE_GOOD,$4.94,03-01-2024,01,Thierer,Zalantun,,China
acc-04495322-029,147,HOUSE,RENT,147,14,GOOD,$8.02,30-12-2023,5,Thackeray,Seria,,Brunei
acc-14032768-252,148,APARTMENT,RENT,148,14,VERY_GOOD,$0.08,23-02-2024,02953,Glacier Hill,Oporapa,418008,Colombia
acc-12505600-494,149,HOUSE,RENT,149,14,VERY_GOOD,$8.63,11-02-2024,23,Twin Pines,Tây Ninh,,Vietnam
acc-68188891-293,150,APARTMENT,SALE,150,14,NEW,$4.49,15-02-2024,213,Sundown,Turku,20960,Finland
acc-46592844-740,151,APARTMENT,RENT,151,15,QUITE_GOOD,$8.13,22-01-2024,5548,Pepper Wood,Maoya,,China
acc-71056660-408,152,HOUSE,RENT,152,15,NEW,$0.46,02-12-2023,37300,Iowa,Pingtan,,China
acc-48574464-499,153,APARTMENT,RENT,153,15,GOOD,$0.19,11-12-2023,0941,Veith,Rusip,,Indonesia
acc-68126575-116,154,HOUSE,RENT,154,15,GOOD,$8.79,05-01-2024,96609,Moose,Bagan,632770,Russia
acc-13320951-830,155,HOUSE,RENT,155,15,VERY_GOOD,$4.76,29-01-2024,34142,Burrows,Sainte-Geneviève-des-Bois,91709 CEDEX,France
acc-43203948-892,156,APARTMENT,SALE,156,15,QUITE_GOOD,$5.95,02-12-2023,62193,Rockefeller,Tyazhinskiy,652240,Russia
acc-24282370-347,157,HOUSE,SALE,157,15,NEW,$3.37,14-02-2024,36,Sloan,Wapno,62-120,Poland
acc-94767614-285,158,HOUSE,RENT,158,15,GOOD,$0.66,13-12-2023,469,Northport,Toulouse,31059 CEDEX 9,France
acc-03525944-395,159,APARTMENT,SALE,159,15,GOOD,$9.46,10-01-2024,280,Leroy,Sonta,,Serbia
acc-49334010-949,160,HOUSE,RENT,160,15,GOOD,$7.37,28-12-2023,2,Fremont,Yukou,,China
acc-74529705-375,161,HOUSE,RENT,161,15,GOOD,$9.40,24-02-2024,405,Merrick,Malitubog,9413,Philippines
acc-35464969-192,162,HOUSE,RENT,162,15,VERY_GOOD,$0.31,20-02-2024,718,Alpine,Cibenda,,Indonesia
acc-69468664-801,163,HOUSE,RENT,163,15,QUITE_GOOD,$5.10,24-02-2024,4742,Crowley,Kalodu,,Indonesia
acc-27751202-247,164,HOUSE,RENT,164,15,NEW,$4.32,29-02-2024,94,Morning,Dalianwan,,China
acc-31537241-050,165,HOUSE,SALE,165,15,QUITE_GOOD,$0.75,07-12-2023,28579,Montana,Pas Pul,,Afghanistan
acc-46748170-357,166,HOUSE,SALE,166,15,VERY_GOOD,$0.25,17-12-2023,11237,Nancy,Freixo de Numão,5155-205,Portugal
acc-58433042-471,167,APARTMENT,RENT,167,15,VERY_GOOD,$2.63,03-01-2024,4,Butterfield,Lávara,,Greece
acc-01752147-387,168,APARTMENT,RENT,168,15,QUITE_GOOD,$9.67,03-12-2023,75981,Moose,Barão de Cocais,35970-000,Brazil
acc-75308491-325,169,HOUSE,SALE,169,15,NEW,$8.90,20-02-2024,5,Commercial,Ridderkerk,2989,Netherlands
acc-50311543-114,170,HOUSE,SALE,170,15,QUITE_GOOD,$6.51,05-02-2024,495,Hauk,San Felipe,,Peru
acc-40532805-680,171,APARTMENT,SALE,171,15,QUITE_GOOD,$9.98,10-12-2023,4557,Hintze,Bankim,,Cameroon
acc-36758229-380,172,APARTMENT,RENT,172,15,NEW,$5.53,16-02-2024,19213,Menomonie,Créteil,94952 CEDEX 9,France
acc-36854243-242,173,HOUSE,RENT,173,15,QUITE_GOOD,$2.53,11-01-2024,47953,North,Ciechocin,87-408,Poland
acc-50828918-731,174,HOUSE,SALE,174,15,NEW,$2.30,23-02-2024,132,Dakota,Patpata Segundo,3604,Philippines
acc-69231571-119,175,HOUSE,SALE,175,15,NEW,$8.43,31-12-2023,15291,Green Ridge,Heshang,,China
acc-18801196-807,176,HOUSE,RENT,176,16,VERY_GOOD,$7.03,03-02-2024,5,Caliangt,Tacheng,,China
acc-28392913-073,177,HOUSE,SALE,177,16,GOOD,$8.88,14-02-2024,1594,Garrison,Funza,250027,Colombia
acc-47828078-976,178,APARTMENT,SALE,178,16,GOOD,$0.27,12-02-2024,912,Lighthouse Bay,Dzięgielów,43-445,Poland
acc-84531505-296,179,APARTMENT,RENT,179,16,NEW,$2.71,13-12-2023,88,Canary,San Matías,,Bolivia
acc-70704517-564,180,HOUSE,SALE,180,16,VERY_GOOD,$0.37,07-02-2024,9666,Atwood,Malainen Luma,4110,Philippines
acc-04179567-852,181,HOUSE,SALE,181,16,GOOD,$7.07,04-01-2024,02519,Glacier Hill,Carrascal,6120-215,Portugal
acc-44900530-056,182,APARTMENT,SALE,182,16,GOOD,$3.27,01-02-2024,6,Hoepker,Monaghan,H18,Ireland
acc-08621090-744,183,APARTMENT,RENT,183,16,NEW,$4.18,07-01-2024,98,Homewood,La Soledad,75498,Mexico
acc-41808183-972,184,HOUSE,RENT,184,16,VERY_GOOD,$9.56,17-02-2024,62,Bluejay,Denver,80262,United States
acc-61632265-277,185,APARTMENT,SALE,185,16,GOOD,$8.30,17-12-2023,795,Scoville,Venustiano Carranza,30171,Mexico
acc-73449734-792,186,APARTMENT,SALE,186,16,QUITE_GOOD,$9.97,27-01-2024,5206,Waubesa,Toyooka,999-8316,Japan
acc-25081967-074,187,APARTMENT,SALE,187,16,QUITE_GOOD,$9.02,24-01-2024,7,Hintze,Olovyannaya,674504,Russia
acc-17345800-071,188,APARTMENT,SALE,188,16,VERY_GOOD,$10.00,22-01-2024,9,Lawn,Lagoa,2425-681,Portugal
acc-90587789-388,189,APARTMENT,SALE,189,16,NEW,$2.52,11-12-2023,0,Hanover,Cotia,06700-000,Brazil
acc-13038838-305,190,APARTMENT,RENT,190,16,VERY_GOOD,$8.37,21-02-2024,64,Haas,Tarqūmyā,,Palestinian Territory
acc-77019114-795,191,APARTMENT,RENT,191,16,VERY_GOOD,$8.83,07-02-2024,45327,Northport,Chambéry,73031 CEDEX,France
acc-03846580-859,192,HOUSE,SALE,192,16,NEW,$8.13,23-02-2024,7,Ilene,Funan Chengguanzhen,,China
acc-96521661-180,193,HOUSE,RENT,193,16,GOOD,$5.52,11-12-2023,29617,Quincy,Dubiecko,37-750,Poland
acc-16817100-079,194,APARTMENT,RENT,194,16,QUITE_GOOD,$7.16,21-12-2023,038,Wayridge,Yanzhou,,China
acc-29605173-868,195,APARTMENT,SALE,195,16,GOOD,$9.47,26-01-2024,556,Randy,Pandanrejokrajan,,Indonesia
acc-23162837-021,196,APARTMENT,RENT,196,16,NEW,$5.20,16-12-2023,1695,Schiller,Richmond,V6Y,Canada
acc-95320430-377,197,APARTMENT,SALE,197,16,VERY_GOOD,$3.62,26-12-2023,84131,8th,Embalse,5856,Argentina
acc-60132787-422,198,HOUSE,RENT,198,16,VERY_GOOD,$6.29,07-01-2024,7677,Del Sol,Uitenhage,6242,South Africa
acc-37328644-049,199,APARTMENT,SALE,199,16,GOOD,$6.52,08-02-2024,3389,Hermina,Kubangwaru,,Indonesia
acc-41764927-165,200,APARTMENT,SALE,200,16,QUITE_GOOD,$6.14,08-01-2024,1,West,Kasingan,,Indonesia
acc-38878495-199,201,HOUSE,RENT,201,17,GOOD,$4.21,18-01-2024,28424,Emmet,Shaxi,,China
acc-46815340-505,202,HOUSE,SALE,202,17,GOOD,$4.00,15-12-2023,5,Riverside,Višnjićevo,,Serbia
acc-95402941-579,203,HOUSE,SALE,203,17,GOOD,$4.36,23-12-2023,30111,Brentwood,Zhuoshui,,China
acc-95787714-824,204,HOUSE,RENT,204,17,GOOD,$1.25,16-02-2024,0,Anhalt,Sandy Bay,,Honduras
acc-87528909-883,205,HOUSE,SALE,205,17,NEW,$6.84,27-01-2024,0,Fairfield,Faisalābād,48101,Pakistan
acc-53203441-329,206,HOUSE,SALE,206,17,QUITE_GOOD,$8.82,25-01-2024,2798,Nevada,Santiago de Chuco,,Peru
acc-16779463-385,207,APARTMENT,RENT,207,17,VERY_GOOD,$5.18,16-02-2024,83,Carberry,Aleksinac,,Serbia
acc-94668839-129,208,APARTMENT,RENT,208,17,NEW,$8.34,13-02-2024,47006,Alpine,Łomianki,05-092,Poland
acc-08874549-408,209,APARTMENT,RENT,209,17,VERY_GOOD,$7.70,23-01-2024,891,Heffernan,Mardakyany,,Azerbaijan
acc-00346315-268,210,APARTMENT,RENT,210,17,VERY_GOOD,$7.70,26-01-2024,90519,Brown,Ankou,,China
acc-01549809-109,211,APARTMENT,RENT,211,17,NEW,$6.39,22-12-2023,5012,Jackson,Asen,6151,Bulgaria
acc-21253949-021,212,APARTMENT,SALE,212,17,QUITE_GOOD,$0.12,08-01-2024,40,Elka,Tran,8723,Philippines
acc-28257700-169,213,APARTMENT,RENT,213,17,QUITE_GOOD,$3.67,26-02-2024,198,Veith,Yessentuki,357637,Russia
acc-11670604-609,214,APARTMENT,RENT,214,17,NEW,$0.92,18-01-2024,596,Loomis,Tmourghout,,Morocco
acc-78944569-918,215,APARTMENT,SALE,215,17,VERY_GOOD,$4.35,18-01-2024,2,Cherokee,Tacna,,Peru
acc-12658635-651,216,APARTMENT,RENT,216,17,QUITE_GOOD,$3.53,30-01-2024,31,Sage,Kotabumi,,Indonesia
acc-02641280-597,217,APARTMENT,SALE,217,17,VERY_GOOD,$4.89,22-12-2023,2302,Del Mar,Perfilovo,665220,Russia
acc-00423686-795,218,APARTMENT,RENT,218,17,GOOD,$9.01,10-02-2024,184,Stone Corner,Surgut,628408,Russia
acc-64423626-482,219,APARTMENT,SALE,219,17,QUITE_GOOD,$9.42,25-01-2024,72504,New Castle,Tiztoutine,,Morocco
acc-36779687-688,220,APARTMENT,SALE,220,17,GOOD,$9.17,23-12-2023,7,Mcbride,Trâu Quỳ,,Vietnam
acc-90512805-490,221,HOUSE,RENT,221,17,VERY_GOOD,$0.93,14-12-2023,4730,Upham,Bu‘eina,,Israel
acc-84123979-160,222,APARTMENT,SALE,222,17,VERY_GOOD,$5.71,13-01-2024,93316,Chinook,Taekas,,Indonesia
acc-21871401-361,223,HOUSE,RENT,223,17,NEW,$1.46,02-12-2023,41,Jackson,Río Ceballos,5113,Argentina
acc-14935371-126,224,APARTMENT,SALE,224,17,VERY_GOOD,$2.60,06-12-2023,555,Springs,Miðvágur,385,Faroe Islands
acc-83249001-267,225,HOUSE,SALE,225,17,QUITE_GOOD,$6.70,21-01-2024,1,Lakewood,Bua Yai,30120,Thailand
acc-33668612-387,226,HOUSE,RENT,226,18,QUITE_GOOD,$8.65,10-01-2024,09967,Almo,Boca Suno,,Ecuador
acc-10306613-695,227,HOUSE,RENT,227,18,GOOD,$3.38,15-02-2024,5,Amoth,General Luna,6335,Philippines
acc-27719295-984,228,APARTMENT,SALE,228,18,GOOD,$7.42,25-02-2024,31132,Hoffman,Contagem,32000-000,Brazil
acc-46960076-859,229,HOUSE,RENT,229,18,QUITE_GOOD,$1.74,15-12-2023,4326,Old Gate,Pittsburgh,15266,United States
acc-44882926-302,230,APARTMENT,SALE,230,18,NEW,$0.00,23-12-2023,9,Fordem,Sukaharja,,Indonesia
acc-76988788-539,231,HOUSE,RENT,231,18,NEW,$9.68,14-01-2024,62,Golden Leaf,Dazi,,China
acc-25329548-208,232,APARTMENT,SALE,232,18,QUITE_GOOD,$6.86,31-01-2024,1,Green Ridge,Sumeng,,China
acc-79260841-704,233,APARTMENT,RENT,233,18,GOOD,$4.30,17-02-2024,317,Monterey,Vishnyakovskiye Dachi,142461,Russia
acc-71041169-037,234,HOUSE,SALE,234,18,VERY_GOOD,$7.24,24-12-2023,6,Chive,Luopioinen,36760,Finland
acc-81799919-425,235,HOUSE,RENT,235,18,QUITE_GOOD,$0.33,25-12-2023,9991,Roth,Yunxi,,China
acc-97967034-254,236,APARTMENT,RENT,236,18,NEW,$8.29,23-02-2024,341,Birchwood,Fulin,,China
acc-63140194-070,237,APARTMENT,SALE,237,18,NEW,$6.10,27-02-2024,46228,Kedzie,Daijiaba,,China
acc-06308175-476,238,HOUSE,SALE,238,18,QUITE_GOOD,$1.32,06-12-2023,95,Leroy,Frydek,43-229,Poland
acc-08847986-072,239,APARTMENT,RENT,239,18,NEW,$1.96,27-01-2024,7540,Kropf,Ngandangan,,Indonesia
acc-75773483-025,240,HOUSE,SALE,240,18,GOOD,$1.71,25-02-2024,73831,Sunbrook,Aengceleng,,Indonesia
acc-62420202-559,241,APARTMENT,SALE,241,18,NEW,$5.77,01-01-2024,877,Shelley,Limoeiro de Anadia,57260-000,Brazil
acc-93606248-739,242,APARTMENT,SALE,242,18,NEW,$5.87,23-02-2024,9,Bashford,Myronivka,,Ukraine
acc-63024173-987,243,APARTMENT,SALE,243,18,GOOD,$7.09,03-01-2024,5,Doe Crossing,Junaynat Raslān,,Syria
acc-64547998-511,244,APARTMENT,SALE,244,18,QUITE_GOOD,$1.86,07-01-2024,09719,Arizona,Lipnica,77-130,Poland
acc-33974324-366,245,APARTMENT,SALE,245,18,QUITE_GOOD,$0.55,23-12-2023,34931,Steensland,Gornji Grad,3342,Slovenia
acc-70720370-993,246,HOUSE,RENT,246,18,NEW,$5.93,16-02-2024,296,Gale,Sosnovoborsk,442591,Russia
acc-82130140-574,247,APARTMENT,RENT,247,18,GOOD,$9.72,01-12-2023,37035,Little Fleur,Petoa,,Honduras
acc-81965181-196,248,APARTMENT,SALE,248,18,GOOD,$5.53,08-01-2024,178,International,Podwilk,34-722,Poland
acc-78389623-079,249,HOUSE,SALE,249,18,QUITE_GOOD,$3.23,17-02-2024,2926,Hoard,Rudnya,216790,Russia
acc-63119608-779,250,HOUSE,RENT,250,18,QUITE_GOOD,$1.03,25-12-2023,2557,Oneill,Obock,,Djibouti
acc-97362657-961,251,APARTMENT,RENT,251,19,VERY_GOOD,$1.74,27-01-2024,2,Chive,La Dicha,7039,Philippines
acc-94088438-880,252,HOUSE,RENT,252,19,QUITE_GOOD,$9.16,24-02-2024,2,Ridgeway,Reisdorf,L-9391,Luxembourg
acc-74855348-193,253,HOUSE,SALE,253,19,NEW,$3.56,13-02-2024,45778,Michigan,Sarata,,Ukraine
acc-55095640-427,254,APARTMENT,SALE,254,19,GOOD,$6.79,12-01-2024,937,Aberg,Serawai,,Indonesia
acc-91175841-192,255,HOUSE,SALE,255,19,GOOD,$3.27,20-02-2024,2,Elgar,Albacete,02005,Spain
acc-20132629-191,256,APARTMENT,SALE,256,19,QUITE_GOOD,$1.94,09-12-2023,8,Schurz,Pasar Kidul,,Indonesia
acc-01250744-974,257,HOUSE,RENT,257,19,NEW,$8.45,13-02-2024,099,Mccormick,Piduhe,,China
acc-28882434-447,258,HOUSE,SALE,258,19,GOOD,$8.32,15-02-2024,7,Grim,Avellaneda,5212,Argentina
acc-73150471-029,259,APARTMENT,SALE,259,19,QUITE_GOOD,$8.70,07-01-2024,2,Arkansas,Koungou,97600,Mayotte
acc-13633482-941,260,HOUSE,SALE,260,19,QUITE_GOOD,$9.49,31-01-2024,00,Anzinger,Tissa,,Morocco
acc-79249532-767,261,APARTMENT,RENT,261,19,VERY_GOOD,$7.93,08-12-2023,276,Hallows,Qiqian,,China
acc-86353456-424,262,APARTMENT,RENT,262,19,GOOD,$7.20,23-12-2023,55509,Monterey,Örnsköldsvik,891 25,Sweden
acc-93793470-352,263,APARTMENT,SALE,263,19,QUITE_GOOD,$0.11,24-02-2024,39,Old Gate,Huquan,,China
acc-94353961-620,264,APARTMENT,SALE,264,19,GOOD,$0.62,01-02-2024,517,Lerdahl,Krajan Pangkah Kulon,,Indonesia
acc-12536996-811,265,APARTMENT,RENT,265,19,QUITE_GOOD,$4.89,08-02-2024,3,Mandrake,Bulag,,Mongolia
acc-64422178-737,266,HOUSE,RENT,266,19,VERY_GOOD,$6.52,30-12-2023,9,Westend,Pruzhany,,Belarus
acc-43814710-293,267,APARTMENT,RENT,267,19,GOOD,$1.89,11-12-2023,53118,Nancy,Novopokrovka,433452,Russia
acc-33377610-793,268,APARTMENT,RENT,268,19,NEW,$1.92,22-01-2024,52445,Northview,Concordia,3200,Argentina
acc-92713170-307,269,APARTMENT,RENT,269,19,VERY_GOOD,$0.45,13-02-2024,22443,Loeprich,Pontivy,56309 CEDEX,France
acc-20616645-425,270,HOUSE,RENT,270,19,GOOD,$8.15,09-02-2024,02878,Leroy,Peimei,,China
acc-44599373-061,271,HOUSE,RENT,271,19,GOOD,$6.73,07-01-2024,001,Trailsway,Bełżyce,24-200,Poland
acc-03612496-946,272,APARTMENT,RENT,272,19,NEW,$4.14,20-02-2024,24,Oriole,Estique,,Peru
acc-30554013-659,273,APARTMENT,RENT,273,19,NEW,$2.05,01-01-2024,2165,Leroy,Chuandao,,China
acc-43803348-757,274,APARTMENT,SALE,274,19,GOOD,$7.27,09-01-2024,40517,Fallview,Khujirt,,Mongolia
acc-13560881-627,275,HOUSE,SALE,275,19,QUITE_GOOD,$0.06,06-01-2024,6422,Swallow,Jocón,,Honduras
acc-12677530-019,276,APARTMENT,RENT,276,20,GOOD,$2.69,17-12-2023,9220,East,Disina,,Nigeria
acc-89721577-911,277,HOUSE,RENT,277,20,VERY_GOOD,$9.73,14-12-2023,94156,Springview,Stavanger,4064,Norway
acc-69814525-750,278,HOUSE,SALE,278,20,QUITE_GOOD,$2.01,29-02-2024,367,Packers,Barlinek,74-320,Poland
acc-71453032-172,279,APARTMENT,SALE,279,20,QUITE_GOOD,$5.68,04-12-2023,9623,Melvin,Babakan Baru,,Indonesia
acc-68347547-439,280,APARTMENT,SALE,280,20,QUITE_GOOD,$2.79,05-01-2024,581,Fremont,Sosnówka,58-564,Poland
acc-98064787-883,281,APARTMENT,RENT,281,20,NEW,$7.70,31-12-2023,63,Onsgard,Nawābganj,6301,Bangladesh
acc-60754661-349,282,HOUSE,SALE,282,20,QUITE_GOOD,$8.07,22-12-2023,8452,Artisan,Pallasovka,404264,Russia
acc-66127193-649,283,HOUSE,RENT,283,20,QUITE_GOOD,$6.79,12-12-2023,2507,Old Gate,Nicolet,J3T,Canada
acc-76530756-696,284,APARTMENT,RENT,284,20,GOOD,$9.60,04-12-2023,951,Laurel,Stony Plain,T7Z,Canada
acc-33566966-365,285,HOUSE,RENT,285,20,NEW,$7.66,10-01-2024,4280,Manitowish,Pingzhuang,,China
acc-61345769-355,286,HOUSE,RENT,286,20,NEW,$6.99,10-01-2024,972,Roth,Dasuhe,,China
acc-43458092-993,287,HOUSE,SALE,287,20,VERY_GOOD,$1.70,31-12-2023,0923,Sunbrook,Mykolayiv,,Ukraine
acc-05509138-944,288,HOUSE,SALE,288,20,GOOD,$8.27,23-02-2024,5933,Mallard,Shatrovo,641960,Russia
acc-90764135-682,289,APARTMENT,RENT,289,20,VERY_GOOD,$6.96,05-12-2023,4073,Orin,Adamstown,,Pitcairn
acc-55587286-362,290,HOUSE,RENT,290,20,NEW,$6.35,09-12-2023,2,Hudson,Miyata,981-4305,Japan
acc-90698845-342,291,APARTMENT,RENT,291,20,VERY_GOOD,$4.02,17-01-2024,4569,4th,Rodez,12020 CEDEX 9,France
acc-21912474-929,292,APARTMENT,RENT,292,20,GOOD,$1.89,29-02-2024,9,Wayridge,‘Irbīn,,Syria
acc-14765768-917,293,HOUSE,SALE,293,20,NEW,$5.96,20-01-2024,1,Cardinal,Vereya,142633,Russia
acc-07191530-475,294,HOUSE,SALE,294,20,VERY_GOOD,$2.35,23-02-2024,0188,Parkside,Binjai,,Indonesia
acc-04485310-739,295,HOUSE,SALE,295,20,GOOD,$6.62,05-01-2024,7308,Del Sol,Boituva,18550-000,Brazil
acc-54027286-670,296,HOUSE,SALE,296,20,VERY_GOOD,$5.86,14-01-2024,6870,Fulton,Dasol,2411,Philippines
acc-46314070-148,297,HOUSE,SALE,297,20,QUITE_GOOD,$2.54,14-12-2023,32,Kim,Yazykovo,453444,Russia
acc-28793066-391,298,HOUSE,RENT,298,20,GOOD,$1.20,29-02-2024,1,Hauk,Zebrzydowice,43-410,Poland
acc-66003502-279,299,APARTMENT,SALE,299,20,NEW,$6.79,11-02-2024,15563,Daystar,Cornwall,L4E,Canada
acc-96009634-962,300,HOUSE,RENT,300,20,NEW,$9.97,24-01-2024,1162,Sunnyside,Nandasmo,,Nicaragua
acc-89737599-835,301,HOUSE,SALE,301,21,VERY_GOOD,$7.81,19-02-2024,7072,Pawling,Chwałowice,27-630,Poland
acc-74290550-831,302,APARTMENT,SALE,302,21,GOOD,$3.45,04-01-2024,460,Lukken,Hefei,,China
acc-25387350-535,303,HOUSE,SALE,303,21,GOOD,$1.21,26-01-2024,6,Ronald Regan,Järfälla,175 54,Sweden
acc-46694174-425,304,HOUSE,SALE,304,21,VERY_GOOD,$0.60,15-01-2024,0,Bluestem,Gunungsari,,Indonesia
acc-89123573-798,305,APARTMENT,SALE,305,21,NEW,$4.72,26-12-2023,6,Barnett,Sparks,89436,United States
acc-50661688-392,306,HOUSE,SALE,306,21,NEW,$9.78,14-02-2024,79,5th,Skellefteå,931 57,Sweden
acc-00790622-599,307,APARTMENT,SALE,307,21,VERY_GOOD,$1.33,21-01-2024,87,Lillian,Simajia,,China
acc-62059343-838,308,HOUSE,SALE,308,21,VERY_GOOD,$0.28,25-01-2024,58,Burrows,Alcácer do Sal,7580-005,Portugal
acc-22044127-246,309,APARTMENT,RENT,309,21,GOOD,$6.08,09-12-2023,70430,Dottie,Harrisburg,17110,United States
acc-16320095-489,310,HOUSE,RENT,310,21,QUITE_GOOD,$2.58,09-02-2024,8133,Lerdahl,Flen,642 24,Sweden
acc-20220019-719,311,HOUSE,SALE,311,21,QUITE_GOOD,$8.15,15-01-2024,9,John Wall,Phu Luang,42230,Thailand
acc-70143927-042,312,APARTMENT,RENT,312,21,VERY_GOOD,$8.08,28-12-2023,1,Rusk,Acomayo,,Peru
acc-20324470-402,313,APARTMENT,RENT,313,21,QUITE_GOOD,$8.33,01-01-2024,4657,South,Vatutino,141032,Russia
acc-65301367-058,314,APARTMENT,SALE,314,21,GOOD,$4.43,17-01-2024,71812,Summerview,Dagang,,China
acc-90899694-020,315,HOUSE,RENT,315,21,GOOD,$2.21,16-02-2024,3,Esch,Kathmandu,,Nepal
acc-26399480-597,316,APARTMENT,SALE,316,21,QUITE_GOOD,$1.33,25-02-2024,13977,Hansons,Datong,,China
acc-61298821-613,317,HOUSE,RENT,317,21,QUITE_GOOD,$5.76,29-02-2024,47518,Carioca,Linjiang,,China
acc-72273794-848,318,HOUSE,SALE,318,21,QUITE_GOOD,$6.84,13-02-2024,0,Bayside,Caazapá,,Paraguay
acc-77241964-072,319,HOUSE,SALE,319,21,QUITE_GOOD,$7.07,09-02-2024,8961,Valley Edge,Zvenigorod,143035,Russia
acc-88925540-243,320,APARTMENT,SALE,320,21,GOOD,$4.10,09-12-2023,1200,Donald,Banjar Madangan Kaja,,Indonesia
acc-08445484-873,321,APARTMENT,SALE,321,21,NEW,$1.92,24-02-2024,75723,Florence,Czarna Białostocka,16-020,Poland
acc-39872023-941,322,HOUSE,SALE,322,21,VERY_GOOD,$3.73,17-12-2023,6,Hudson,Belo Horizonte,30000-000,Brazil
acc-16380899-408,323,APARTMENT,RENT,323,21,GOOD,$6.36,03-01-2024,33390,Jackson,Dengzishan,,China
acc-93686337-072,324,HOUSE,SALE,324,21,GOOD,$1.69,31-01-2024,17878,Arapahoe,Changmaoling,,China
acc-88904081-221,325,HOUSE,RENT,325,21,NEW,$2.53,25-12-2023,97366,Manufacturers,Neob,,Indonesia
acc-35503817-660,326,APARTMENT,SALE,326,22,VERY_GOOD,$4.46,21-02-2024,02,Thackeray,Fujioka,999-7638,Japan
acc-14300778-587,327,APARTMENT,SALE,327,22,QUITE_GOOD,$6.36,23-02-2024,005,Muir,Novorozhdestvenskaya,186445,Russia
acc-68797195-570,328,APARTMENT,SALE,328,22,QUITE_GOOD,$8.63,04-12-2023,234,Fuller,Espinal,733529,Colombia
acc-05367937-684,329,HOUSE,RENT,329,22,QUITE_GOOD,$5.76,24-01-2024,93,Ridgeview,As Sūsah,,Syria
acc-31844578-291,330,APARTMENT,SALE,330,22,VERY_GOOD,$3.11,07-01-2024,70321,John Wall,Garnich,L-8356,Luxembourg
acc-14019561-053,331,HOUSE,RENT,331,22,NEW,$4.00,07-12-2023,23,Springs,Murcia,6129,Philippines
acc-84490696-659,332,HOUSE,RENT,332,22,NEW,$4.33,20-02-2024,90,Coleman,Bulangan,,Indonesia
acc-81385213-579,333,HOUSE,RENT,333,22,QUITE_GOOD,$9.07,25-01-2024,410,Spenser,San Jose,8427,Philippines
acc-55966075-018,334,APARTMENT,SALE,334,22,QUITE_GOOD,$4.06,05-01-2024,568,Evergreen,El Estor,18003,Guatemala
acc-02204725-047,335,APARTMENT,SALE,335,22,NEW,$7.61,11-01-2024,252,Shoshone,Camindangan,7015,Philippines
acc-08998629-049,336,HOUSE,SALE,336,22,QUITE_GOOD,$1.02,10-02-2024,459,Green Ridge,Lužani,35257,Croatia
acc-37894069-037,337,HOUSE,RENT,337,22,VERY_GOOD,$4.63,21-02-2024,303,Arrowood,Manhush,,Ukraine
acc-74053468-179,338,APARTMENT,RENT,338,22,QUITE_GOOD,$3.15,02-02-2024,7,Lerdahl,Huaqiao,,China
acc-04965394-212,339,APARTMENT,RENT,339,22,QUITE_GOOD,$4.33,15-12-2023,63168,Atwood,Wenjī,,Ethiopia
acc-31021951-310,340,HOUSE,SALE,340,22,NEW,$4.48,13-01-2024,829,Weeping Birch,Keyinhe,,China
acc-30257348-673,341,APARTMENT,RENT,341,22,QUITE_GOOD,$3.07,11-02-2024,0,South,Chiquinquirá,154648,Colombia
acc-39278177-374,342,HOUSE,SALE,342,22,QUITE_GOOD,$2.56,04-01-2024,6,East,Mîndreşti,MD-5840,Moldova
acc-75762976-161,343,HOUSE,SALE,343,22,VERY_GOOD,$6.10,20-01-2024,583,Boyd,Sadar,,Indonesia
acc-96815482-862,344,APARTMENT,RENT,344,22,VERY_GOOD,$5.29,27-02-2024,8796,Bay,Shangyang,,China
acc-35288335-410,345,HOUSE,RENT,345,22,GOOD,$8.12,18-12-2023,823,Independence,Lesnoy,431107,Russia
acc-89032178-939,346,APARTMENT,SALE,346,22,QUITE_GOOD,$1.20,31-12-2023,788,Bellgrove,Golomunta,,Indonesia
acc-17838719-239,347,APARTMENT,RENT,347,22,GOOD,$9.22,19-02-2024,4577,Waxwing,Kinh Môn,,Vietnam
acc-62430939-518,348,APARTMENT,RENT,348,22,NEW,$2.81,26-12-2023,6887,Michigan,Ar Rawḑ,,Yemen
acc-77064932-284,349,HOUSE,RENT,349,22,GOOD,$7.25,17-02-2024,1160,Redwing,Galatás,,Greece
acc-21593578-680,350,APARTMENT,RENT,350,22,GOOD,$8.75,25-12-2023,1236,Lerdahl,Chengxiang,,China
acc-80353546-221,351,APARTMENT,SALE,351,23,QUITE_GOOD,$9.60,01-12-2023,4,Jay,Chicheng,,China
acc-41157220-912,352,APARTMENT,SALE,352,23,QUITE_GOOD,$6.73,31-01-2024,36,Drewry,Księżpol,23-415,Poland
acc-83331877-317,353,HOUSE,SALE,353,23,GOOD,$3.15,11-02-2024,23,Delaware,Yenagoa,,Nigeria
acc-84151690-398,354,HOUSE,RENT,354,23,GOOD,$1.77,17-02-2024,598,Fair Oaks,Bacalan,1110,Philippines
acc-69386591-100,355,HOUSE,SALE,355,23,QUITE_GOOD,$2.85,01-01-2024,5438,Arizona,Bandung,,Indonesia
acc-93181464-632,356,HOUSE,SALE,356,23,QUITE_GOOD,$7.47,11-02-2024,1539,Mayfield,Nakonde,,Zambia
acc-29018293-165,357,APARTMENT,SALE,357,23,GOOD,$5.64,06-01-2024,5,Bonner,Paradahan,4114,Philippines
acc-87137139-948,358,APARTMENT,RENT,358,23,NEW,$1.41,06-02-2024,657,Elgar,Oele,,Indonesia
acc-33185710-153,359,APARTMENT,SALE,359,23,NEW,$8.88,26-01-2024,2848,Nancy,Dinskaya,353226,Russia
acc-43899172-308,360,APARTMENT,SALE,360,23,VERY_GOOD,$5.50,06-02-2024,450,Coleman,Naranjal,,Paraguay
acc-77846515-348,361,APARTMENT,SALE,361,23,QUITE_GOOD,$9.66,24-12-2023,78198,Gerald,Pavlovskaya,353147,Russia
acc-52572205-688,362,APARTMENT,RENT,362,23,QUITE_GOOD,$5.63,26-01-2024,661,Florence,Ponggeok,,Indonesia
acc-05003316-235,363,APARTMENT,RENT,363,23,VERY_GOOD,$9.88,15-12-2023,11,Jay,Oju,,Nigeria
acc-73217689-636,364,HOUSE,RENT,364,23,QUITE_GOOD,$2.60,20-01-2024,86698,Cody,Rizal,7104,Philippines
acc-60837559-943,365,APARTMENT,RENT,365,23,NEW,$0.09,25-12-2023,00466,Corscot,Rosario,8504,Philippines
acc-52563824-283,366,APARTMENT,RENT,366,23,QUITE_GOOD,$5.29,06-01-2024,2,Claremont,Ljutomer,9240,Slovenia
acc-11049834-044,367,HOUSE,RENT,367,23,VERY_GOOD,$7.18,23-01-2024,73,Moulton,Hangwula,,China
acc-01176860-210,368,APARTMENT,RENT,368,23,NEW,$0.53,19-12-2023,8,Mallory,Venta,85019,Lithuania
acc-16891874-813,369,HOUSE,RENT,369,23,QUITE_GOOD,$7.96,25-01-2024,47190,Pine View,San Antonio de Los Altos,,Venezuela
acc-16307708-853,370,HOUSE,SALE,370,23,QUITE_GOOD,$6.66,01-02-2024,17,Forest,Mzuzu,,Malawi
acc-13355067-801,371,APARTMENT,SALE,371,23,GOOD,$7.89,06-12-2023,20515,Starling,Charleston,25389,United States
acc-04021455-092,372,HOUSE,SALE,372,23,VERY_GOOD,$7.99,21-02-2024,9,Colorado,Bartolomé Masó,,Cuba
acc-62044032-566,373,HOUSE,RENT,373,23,NEW,$4.96,06-02-2024,568,Arizona,Ban Lam Luk Ka,77140,Thailand
acc-22820888-309,374,APARTMENT,SALE,374,23,NEW,$3.07,30-12-2023,3194,Doe Crossing,Lunéville,54304 CEDEX,France
acc-90065995-853,375,HOUSE,SALE,375,23,QUITE_GOOD,$7.66,31-01-2024,67163,Hansons,Wailiang,,Indonesia
acc-90867478-380,376,HOUSE,RENT,376,24,GOOD,$1.85,23-12-2023,12,Tony,Vale de Santarém,2005-033,Portugal
acc-93475019-866,377,HOUSE,RENT,377,24,QUITE_GOOD,$4.60,22-12-2023,560,Northfield,Dougou,,China
acc-92510182-534,378,HOUSE,RENT,378,24,NEW,$3.49,14-12-2023,90266,Macpherson,Corozal,705039,Colombia
acc-47465014-200,379,HOUSE,SALE,379,24,NEW,$4.33,21-12-2023,1319,Monica,Tsybulevka,,Ukraine
acc-26819125-069,380,APARTMENT,RENT,380,24,NEW,$9.00,15-02-2024,16,Randy,Roissy Charles-de-Gaulle,95761 CEDEX 1,France
acc-56792822-763,381,HOUSE,RENT,381,24,NEW,$9.83,03-12-2023,7,Transport,Chiba,427-0001,Japan
acc-74496622-689,382,HOUSE,RENT,382,24,VERY_GOOD,$7.00,31-01-2024,1705,La Follette,Markova,,Ukraine
acc-11251300-037,383,HOUSE,SALE,383,24,GOOD,$7.84,11-12-2023,06712,Arizona,Dagang,,China
acc-46116342-566,384,APARTMENT,SALE,384,24,GOOD,$7.74,31-12-2023,68940,Grover,Wangcun,,China
acc-94670926-789,385,APARTMENT,SALE,385,24,QUITE_GOOD,$9.85,22-01-2024,9,Bartelt,Kalýves Polygýrou,,Greece
acc-92744681-045,386,HOUSE,RENT,386,24,NEW,$4.38,18-02-2024,689,Melby,Kupavna,301086,Russia
acc-51536086-936,387,HOUSE,SALE,387,24,VERY_GOOD,$3.27,27-12-2023,1572,Waywood,Anning,,China
acc-13291247-931,388,HOUSE,RENT,388,24,NEW,$0.94,21-12-2023,3067,Service,Getulio,1175,Philippines
acc-35070008-061,389,APARTMENT,SALE,389,24,GOOD,$1.35,23-01-2024,280,Monument,San Carlos de Bariloche,8400,Argentina
acc-43783661-826,390,APARTMENT,SALE,390,24,GOOD,$6.31,03-02-2024,689,Carberry,Ārifwāla,50770,Pakistan
acc-73080886-852,391,APARTMENT,SALE,391,24,VERY_GOOD,$3.80,07-02-2024,65712,Troy,Bagaces,50401,Costa Rica
acc-85790483-054,392,APARTMENT,SALE,392,24,VERY_GOOD,$0.49,27-12-2023,5,Hermina,Ubatuba,11680-000,Brazil
acc-12890714-242,393,APARTMENT,SALE,393,24,QUITE_GOOD,$8.79,22-01-2024,16143,Jana,Belén de Umbría,664048,Colombia
acc-27015082-062,394,APARTMENT,RENT,394,24,NEW,$9.70,12-02-2024,38,Schmedeman,Vanves,92179 CEDEX,France
acc-55404297-233,395,HOUSE,RENT,395,24,GOOD,$6.86,01-01-2024,0945,Glacier Hill,Rizómilos,,Greece
acc-96225837-206,396,HOUSE,RENT,396,24,QUITE_GOOD,$7.05,28-12-2023,96299,Menomonie,Charneca da Cotovia,2970-833,Portugal
acc-58429197-577,397,APARTMENT,RENT,397,24,GOOD,$8.06,01-02-2024,57,Mesta,Ledeč nad Sázavou,584 01,Czech Republic
acc-54028626-215,398,APARTMENT,SALE,398,24,QUITE_GOOD,$9.00,11-01-2024,5,Bashford,Cawayan,5409,Philippines
acc-39282309-778,399,HOUSE,SALE,399,24,GOOD,$4.86,09-02-2024,17909,Calypso,Katav-Ivanovsk,456113,Russia
acc-30611285-837,400,HOUSE,SALE,400,24,GOOD,$0.46,23-12-2023,60140,Village Green,Gizałki,63-308,Poland
acc-55634352-250,401,HOUSE,SALE,401,25,QUITE_GOOD,$5.66,15-12-2023,58,Oneill,Tebluru,,Indonesia
acc-70196465-428,402,HOUSE,SALE,402,25,GOOD,$3.13,17-01-2024,4,Morningstar,Chybie,43-520,Poland
acc-87527960-757,403,APARTMENT,SALE,403,25,QUITE_GOOD,$5.75,16-12-2023,5,Kings,Xiajiashan,,China
acc-49939985-342,404,HOUSE,SALE,404,25,QUITE_GOOD,$4.16,05-02-2024,48,Jay,Brejoeira,2860-310,Portugal
acc-82495324-971,405,HOUSE,RENT,405,25,QUITE_GOOD,$2.56,06-12-2023,41969,Prairieview,Sóc Trăng,,Vietnam
acc-25814902-121,406,HOUSE,RENT,406,25,NEW,$3.45,25-01-2024,8,Del Sol,Pacho,254008,Colombia
acc-47945599-299,407,APARTMENT,SALE,407,25,GOOD,$5.14,30-12-2023,5275,Upham,Putina,,Peru
acc-29321594-778,408,APARTMENT,SALE,408,25,VERY_GOOD,$0.84,16-12-2023,6,Dawn,Berëza,446392,Russia
acc-25051801-469,409,APARTMENT,SALE,409,25,GOOD,$3.71,25-02-2024,63,Corry,Liucheng,,China
acc-60498126-028,410,HOUSE,RENT,410,25,GOOD,$6.44,18-01-2024,71,Coleman,Cool űrhajó,,Afghanistan
acc-76289660-693,411,HOUSE,RENT,411,25,VERY_GOOD,$0.28,03-12-2023,8,Loomis,Jinping,,China
acc-07535380-098,412,APARTMENT,RENT,412,25,VERY_GOOD,$5.22,23-01-2024,99530,Buell,Bayasgalant,,Mongolia
acc-75522343-596,413,HOUSE,RENT,413,25,GOOD,$1.88,23-02-2024,36791,Crest Line,Aíyira,,Greece
acc-21927033-024,414,HOUSE,RENT,414,25,NEW,$9.31,29-12-2023,12910,Anzinger,Realeza,85770-000,Brazil
acc-53131124-292,415,HOUSE,SALE,415,25,QUITE_GOOD,$3.85,09-02-2024,868,Dryden,Kass Wollof,,Gambia
acc-53948358-926,416,APARTMENT,SALE,416,25,QUITE_GOOD,$3.93,02-12-2023,74,Ridgeway,Rajal Norte,6130,Philippines
acc-18274939-992,417,APARTMENT,RENT,417,25,QUITE_GOOD,$5.02,26-12-2023,88,Bluejay,Linxi,,China
acc-02259289-332,418,HOUSE,SALE,418,25,GOOD,$9.82,04-01-2024,9,North,Trnovlje pri Celju,3215,Slovenia
acc-47852110-330,419,HOUSE,SALE,419,25,QUITE_GOOD,$7.50,02-02-2024,60,Armistice,Fukiage-fujimi,369-0137,Japan
acc-82745907-548,420,HOUSE,SALE,420,25,GOOD,$2.01,22-12-2023,586,Packers,Fatikchari,4355,Bangladesh
acc-99468519-180,421,HOUSE,RENT,421,25,QUITE_GOOD,$8.60,04-01-2024,60438,Waxwing,Milíkov,739 81,Czech Republic
acc-01583178-209,422,APARTMENT,SALE,422,25,VERY_GOOD,$2.84,12-12-2023,6262,Crest Line,Tiel,4004,Netherlands
acc-84329905-770,423,APARTMENT,SALE,423,25,QUITE_GOOD,$0.38,20-12-2023,721,David,Lamphun,51000,Thailand
acc-96560662-828,424,HOUSE,SALE,424,25,GOOD,$6.97,29-02-2024,8,Ridgeview,Buguruslan,461639,Russia
acc-66096701-712,425,APARTMENT,SALE,425,25,NEW,$3.64,27-12-2023,826,Westend,Hanjia,,China
acc-88836862-004,426,HOUSE,RENT,426,26,QUITE_GOOD,$9.10,16-01-2024,08572,Hauk,Stockholm,100 52,Sweden
acc-36424109-549,427,APARTMENT,RENT,427,26,GOOD,$5.39,02-02-2024,961,Lotheville,Egvekinot,461173,Russia
acc-43474164-608,428,HOUSE,SALE,428,26,QUITE_GOOD,$4.69,01-01-2024,32730,Hagan,Hou’an,,China
acc-90744825-847,429,HOUSE,RENT,429,26,GOOD,$4.29,18-02-2024,98790,Porter,Pitogo,7033,Philippines
acc-60984429-081,430,APARTMENT,SALE,430,26,GOOD,$6.21,25-12-2023,6,Darwin,Bakungan,,Indonesia
acc-84757883-566,431,HOUSE,RENT,431,26,GOOD,$1.20,05-12-2023,72942,Morrow,Cielmice,43-215,Poland
acc-69290949-138,432,APARTMENT,RENT,432,26,VERY_GOOD,$9.52,31-01-2024,4925,Rowland,Krajan,,Indonesia
acc-45229124-830,433,APARTMENT,RENT,433,26,GOOD,$3.13,18-02-2024,82566,Summerview,Carhuamayo,,Peru
acc-95201083-016,434,HOUSE,RENT,434,26,GOOD,$4.33,25-02-2024,96241,Rutledge,Niterói,24000-000,Brazil
acc-43956954-059,435,HOUSE,RENT,435,26,GOOD,$1.53,07-02-2024,46117,Prairieview,Magdalena,,Peru
acc-73292422-531,436,HOUSE,RENT,436,26,GOOD,$7.72,04-02-2024,5,Amoth,Sumenep,,Indonesia
acc-31481875-959,437,HOUSE,SALE,437,26,NEW,$5.56,10-01-2024,50625,Lakeland,Dno,182670,Russia
acc-34785321-238,438,HOUSE,RENT,438,26,QUITE_GOOD,$0.67,25-12-2023,22736,8th,Dinahican,0850,Philippines
acc-55814910-726,439,HOUSE,SALE,439,26,VERY_GOOD,$4.82,03-12-2023,26153,Canary,Shibi,,China
acc-97073921-401,440,APARTMENT,SALE,440,26,NEW,$8.29,04-01-2024,137,Becker,Impalutao,8702,Philippines
acc-40860465-614,441,HOUSE,SALE,441,26,QUITE_GOOD,$1.55,20-12-2023,86079,5th,Novokuybyshevsk,446209,Russia
acc-02184142-203,442,APARTMENT,SALE,442,26,QUITE_GOOD,$0.95,03-12-2023,430,Schmedeman,Guantun,,China
acc-72411725-127,443,HOUSE,SALE,443,26,NEW,$6.14,28-12-2023,0,Sundown,Xiadian,,China
acc-89606632-078,444,HOUSE,RENT,444,26,QUITE_GOOD,$7.07,28-12-2023,411,Longview,Vingåker,643 92,Sweden
acc-34507302-850,445,HOUSE,SALE,445,26,VERY_GOOD,$5.74,23-01-2024,50,Fairview,Habana del Este,,Cuba
acc-58366467-198,446,APARTMENT,RENT,446,26,NEW,$4.10,25-12-2023,6570,Tennessee,Sukamaju,,Indonesia
acc-95031322-299,447,HOUSE,RENT,447,26,GOOD,$8.34,02-01-2024,719,Fairview,Longcang,,China
acc-31145714-878,448,APARTMENT,SALE,448,26,NEW,$2.53,15-01-2024,56384,Bultman,Zverevo,347890,Russia
acc-36998124-368,449,APARTMENT,RENT,449,26,VERY_GOOD,$7.53,26-12-2023,25,Elmside,Ea T’ling,,Vietnam
acc-24233016-430,450,APARTMENT,RENT,450,26,VERY_GOOD,$6.48,27-02-2024,4,Colorado,Los Pinos,87140,Mexico
acc-98129134-410,451,HOUSE,SALE,451,27,VERY_GOOD,$7.07,12-02-2024,479,Hooker,Pleshanovo,461150,Russia
acc-27444293-826,452,APARTMENT,RENT,452,27,NEW,$9.03,09-12-2023,602,Lawn,Kaputian,8120,Philippines
acc-45656432-191,453,HOUSE,RENT,453,27,VERY_GOOD,$4.90,20-01-2024,959,Manitowish,Al ‘Udayn,,Yemen
acc-59027955-460,454,APARTMENT,RENT,454,27,VERY_GOOD,$9.96,31-01-2024,61,Atwood,Ndjolé,,Gabon
acc-79502596-261,455,APARTMENT,SALE,455,27,GOOD,$5.35,15-01-2024,259,Dorton,Coronel Martínez,,Paraguay
acc-01450999-456,456,HOUSE,SALE,456,27,GOOD,$3.80,14-12-2023,4157,Riverside,Cancela,4960-320,Portugal
acc-62145342-396,457,APARTMENT,RENT,457,27,VERY_GOOD,$3.31,27-12-2023,7,Bashford,Qiaonan,,China
acc-30495574-049,458,APARTMENT,RENT,458,27,VERY_GOOD,$6.86,19-02-2024,478,Anhalt,Erími,,Cyprus
acc-06156172-113,459,HOUSE,SALE,459,27,GOOD,$3.98,16-12-2023,200,Hansons,Chengyue,,China
acc-94433756-603,460,APARTMENT,SALE,460,27,GOOD,$7.56,28-02-2024,947,Hudson,Klenica,66-130,Poland
acc-59804269-106,461,APARTMENT,SALE,461,27,VERY_GOOD,$0.31,16-12-2023,2,Buena Vista,El Paso,79999,United States
acc-68046894-731,462,APARTMENT,RENT,462,27,QUITE_GOOD,$7.25,28-02-2024,1447,Cherokee,Coruripe,57230-000,Brazil
acc-18596338-491,463,HOUSE,RENT,463,27,NEW,$0.23,26-02-2024,85,Dakota,Masinloc,2211,Philippines
acc-57240298-412,464,APARTMENT,RENT,464,27,VERY_GOOD,$9.19,26-01-2024,99028,Starling,Tshaneni,,Swaziland
acc-33589396-759,465,APARTMENT,RENT,465,27,GOOD,$0.69,21-01-2024,1,Dakota,Kosów Lacki,08-330,Poland
acc-16295765-149,466,HOUSE,SALE,466,27,NEW,$7.57,02-01-2024,9,Russell,Évreux,27095 CEDEX 9,France
acc-66323255-964,467,HOUSE,RENT,467,27,VERY_GOOD,$4.95,17-01-2024,1,Ridgeway,Smedjebacken,777 34,Sweden
acc-63010300-554,468,HOUSE,RENT,468,27,NEW,$3.29,10-01-2024,5,2nd,Pedamaran,,Indonesia
acc-34862368-846,469,HOUSE,SALE,469,27,QUITE_GOOD,$2.75,05-02-2024,75413,Ridgeview,Lagunas,,Peru
acc-37669493-098,470,HOUSE,RENT,470,27,QUITE_GOOD,$4.76,20-12-2023,407,Oak,Barwałd Górny,34-103,Poland
acc-35939009-030,471,APARTMENT,RENT,471,27,GOOD,$0.43,02-01-2024,12,Del Sol,Tempaling,,Indonesia
acc-19146555-990,472,HOUSE,RENT,472,27,GOOD,$9.71,02-01-2024,05792,Magdeline,Huangli,,China
acc-67288674-631,473,HOUSE,SALE,473,27,GOOD,$3.59,06-01-2024,4465,Arapahoe,Fatukanutu,,Indonesia
acc-23011905-787,474,APARTMENT,RENT,474,27,QUITE_GOOD,$1.32,23-01-2024,6,Esch,Gibsons,L6R,Canada
acc-54070764-300,475,HOUSE,RENT,475,27,QUITE_GOOD,$0.63,13-12-2023,00,Coolidge,Meiyao,,China
acc-57829950-296,476,HOUSE,RENT,476,28,GOOD,$6.55,29-01-2024,2,Pond,Shagamu,,Nigeria
acc-95462775-681,477,APARTMENT,SALE,477,28,GOOD,$3.34,04-02-2024,99,Ohio,Somdet,46150,Thailand
acc-43038141-279,478,APARTMENT,SALE,478,28,GOOD,$2.72,24-12-2023,34349,Talmadge,Concepcion,7213,Philippines
acc-47936607-170,479,APARTMENT,SALE,479,28,NEW,$4.93,17-02-2024,24888,Grasskamp,Haljala,,Estonia
acc-84051007-469,480,HOUSE,RENT,480,28,QUITE_GOOD,$3.89,06-01-2024,6079,Little Fleur,Emiliano Zapata,61607,Mexico
acc-04623734-463,481,APARTMENT,SALE,481,28,NEW,$9.43,05-02-2024,41522,Center,Halmstad,302 40,Sweden
acc-94747238-494,482,APARTMENT,RENT,482,28,VERY_GOOD,$7.87,26-01-2024,76,Columbus,Mizoch,,Ukraine
acc-03007951-058,483,HOUSE,RENT,483,28,NEW,$0.59,23-02-2024,24,Macpherson,Siheyuan,,China
acc-79601113-959,484,HOUSE,SALE,484,28,NEW,$5.79,01-01-2024,8261,Morning,Balesari,,Indonesia
acc-21093815-306,485,APARTMENT,RENT,485,28,GOOD,$5.07,23-01-2024,77300,Sachtjen,Tomteboda,173 18,Sweden
acc-75689278-270,486,APARTMENT,SALE,486,28,NEW,$0.54,10-12-2023,74,Main,Rizhao,,China
acc-33249178-685,487,APARTMENT,SALE,487,28,VERY_GOOD,$5.88,19-02-2024,1826,Shoshone,San Antonio,6407,Philippines
acc-62583297-306,488,HOUSE,RENT,488,28,GOOD,$8.86,18-02-2024,4701,Porter,Cambarus,1259,Philippines
acc-80043306-554,489,APARTMENT,RENT,489,28,VERY_GOOD,$3.58,21-02-2024,41675,Messerschmidt,Bai’e,,China
acc-98952877-392,490,APARTMENT,SALE,490,28,VERY_GOOD,$5.94,12-12-2023,03891,Manufacturers,El Limon,92105,Mexico
acc-46016237-353,491,APARTMENT,RENT,491,28,GOOD,$9.48,21-12-2023,86675,Carberry,Estância,49200-000,Brazil
acc-96569602-626,492,APARTMENT,SALE,492,28,NEW,$5.14,27-12-2023,0255,Gulseth,Jianqiao,,China
acc-62489858-202,493,APARTMENT,SALE,493,28,QUITE_GOOD,$9.53,07-12-2023,979,Main,Situ,,China
acc-61756523-783,494,APARTMENT,RENT,494,28,QUITE_GOOD,$2.62,24-02-2024,035,Loomis,San Rafael,5039,Philippines
acc-36296494-578,495,HOUSE,RENT,495,28,GOOD,$3.09,26-01-2024,8,Lunder,Santa Cruz das Palmeiras,13650-000,Brazil
acc-31188122-697,496,HOUSE,SALE,496,28,NEW,$8.49,23-12-2023,90105,Spohn,Cúcuta,540019,Colombia
acc-90052262-342,497,HOUSE,SALE,497,28,NEW,$2.40,25-02-2024,488,Oxford,Lefkoniko,,Cyprus
acc-18386285-090,498,HOUSE,SALE,498,28,VERY_GOOD,$9.29,01-02-2024,3460,Springview,Montpellier,34186 CEDEX 4,France
acc-14811880-064,499,APARTMENT,SALE,499,28,NEW,$0.61,13-02-2024,686,Grasskamp,Jablunkov,739 91,Czech Republic
acc-85008852-486,500,APARTMENT,RENT,500,28,QUITE_GOOD,$3.69,18-02-2024,18954,Lillian,Słupsk,76-280,Poland
acc-89058937-790,501,HOUSE,SALE,501,29,NEW,$3.85,10-12-2023,8974,Ludington,Al ‘Ayzarīyah,,Palestinian Territory
acc-57828812-412,502,HOUSE,SALE,502,29,VERY_GOOD,$5.50,08-12-2023,3162,Northland,Mezhdurechensk,652878,Russia
acc-77926158-829,503,APARTMENT,SALE,503,29,QUITE_GOOD,$5.92,27-01-2024,1,Nelson,Kabul,,Afghanistan
acc-39016600-316,504,APARTMENT,SALE,504,29,GOOD,$1.49,29-01-2024,63592,Carey,Pedrogão,6090-425,Portugal
acc-69971411-916,505,HOUSE,SALE,505,29,QUITE_GOOD,$8.56,18-02-2024,86,Tomscot,El Escanito,,Honduras
acc-74179252-614,506,HOUSE,SALE,506,29,GOOD,$6.46,16-01-2024,67177,Bunker Hill,Satinka,399088,Russia
acc-60846138-662,507,HOUSE,RENT,507,29,NEW,$8.78,16-01-2024,06,Burning Wood,Anaheim,92825,United States
acc-09931642-407,508,APARTMENT,RENT,508,29,VERY_GOOD,$8.56,10-12-2023,78,Monument,Bantogon,5322,Philippines
acc-93189125-759,509,APARTMENT,SALE,509,29,VERY_GOOD,$9.03,25-12-2023,1709,Bartelt,Nanqiao,,China
acc-86159142-540,510,APARTMENT,RENT,510,29,NEW,$2.25,01-12-2023,16,Stone Corner,Kolyvan’,633160,Russia
acc-44219913-200,511,HOUSE,SALE,511,29,QUITE_GOOD,$9.67,10-12-2023,984,1st,Donskoye,399240,Russia
acc-05748014-203,512,APARTMENT,SALE,512,29,VERY_GOOD,$6.59,21-01-2024,778,Fuller,El Paisnal,,El Salvador
acc-16621555-085,513,HOUSE,SALE,513,29,GOOD,$3.51,09-02-2024,49,Nelson,Morales,134548,Colombia
acc-72687556-220,514,HOUSE,SALE,514,29,VERY_GOOD,$2.14,11-01-2024,288,Summer Ridge,Viejo Daan Banua,6119,Philippines
acc-56025506-920,515,HOUSE,SALE,515,29,GOOD,$0.96,02-01-2024,5,Londonderry,Tsubame,959-1287,Japan
acc-56109396-806,516,HOUSE,RENT,516,29,NEW,$5.55,03-02-2024,43401,Hovde,Banjar Banyuning Barat,,Indonesia
acc-30820872-640,517,APARTMENT,RENT,517,29,NEW,$6.54,06-01-2024,986,Schlimgen,Sujiatun,,China
acc-96759585-943,518,APARTMENT,RENT,518,29,VERY_GOOD,$5.13,29-12-2023,3101,Comanche,Sparks,89436,United States
acc-79092168-457,519,HOUSE,SALE,519,29,GOOD,$1.25,02-02-2024,9,Jenifer,Fundong,,Cameroon
acc-55390379-687,520,HOUSE,RENT,520,29,QUITE_GOOD,$8.28,10-01-2024,42483,Elka,Chernomorets,8151,Bulgaria
acc-66594202-123,521,APARTMENT,SALE,521,29,NEW,$8.62,14-01-2024,837,Buell,Sajan,,Serbia
acc-67270511-281,522,APARTMENT,RENT,522,29,VERY_GOOD,$8.70,30-12-2023,0,Graceland,Sungaiduri,,Indonesia
acc-52338087-425,523,HOUSE,RENT,523,29,VERY_GOOD,$5.21,24-02-2024,6,Schurz,Jingouhe,,China
acc-68866772-378,524,APARTMENT,SALE,524,29,GOOD,$3.71,19-12-2023,0695,Pearson,Ceranów,08-322,Poland
acc-86612692-864,525,HOUSE,RENT,525,29,QUITE_GOOD,$8.34,11-12-2023,71,Laurel,Vamvakoú,,Greece
acc-64421359-671,526,APARTMENT,RENT,526,30,GOOD,$5.00,15-02-2024,80,Oakridge,Haradok,,Belarus
acc-93587194-966,527,APARTMENT,RENT,527,30,NEW,$6.79,24-01-2024,16,Chive,Neiba,11105,Dominican Republic
acc-13305350-883,528,HOUSE,RENT,528,30,NEW,$3.86,03-02-2024,6,Carioca,Aş Şalw,,Yemen
acc-98805704-678,529,HOUSE,SALE,529,30,NEW,$9.21,27-12-2023,7725,Thackeray,Brasília,70000-000,Brazil
acc-28147220-178,530,APARTMENT,SALE,530,30,VERY_GOOD,$9.16,16-12-2023,11607,Mariners Cove,San Diego,92105,United States
acc-40128027-297,531,HOUSE,SALE,531,30,QUITE_GOOD,$6.56,29-12-2023,097,Glacier Hill,Jermenovci,,Serbia
acc-72213921-288,532,APARTMENT,SALE,532,30,QUITE_GOOD,$9.31,16-01-2024,511,Kim,Okpo,,Nigeria
acc-12433168-918,533,HOUSE,SALE,533,30,NEW,$5.27,31-12-2023,74636,Farragut,Berezne,,Ukraine
acc-64221729-978,534,APARTMENT,RENT,534,30,VERY_GOOD,$4.03,11-02-2024,81,Continental,Petaling Jaya,46964,Malaysia
acc-24816705-621,535,HOUSE,RENT,535,30,NEW,$6.50,22-12-2023,2702,Anthes,Komatsu,999-8317,Japan
acc-85356834-898,536,APARTMENT,RENT,536,30,VERY_GOOD,$7.21,11-02-2024,649,Dryden,Dofa,,Indonesia
acc-88507718-898,537,HOUSE,RENT,537,30,QUITE_GOOD,$7.10,26-01-2024,33,Northview,Melun,77004 CEDEX,France
acc-34397159-950,538,APARTMENT,SALE,538,30,VERY_GOOD,$5.50,24-02-2024,95,Hintze,Xiaozhi,,China
acc-95949085-282,539,APARTMENT,SALE,539,30,GOOD,$0.94,13-12-2023,03039,Beilfuss,Caxito,,Angola
acc-98632443-219,540,HOUSE,RENT,540,30,QUITE_GOOD,$6.55,06-01-2024,35349,Northport,Jawf al Maqbābah,,Yemen
acc-64791623-331,541,APARTMENT,SALE,541,30,GOOD,$5.06,01-12-2023,481,Kropf,Dolega District,,Panama
acc-52345820-686,542,APARTMENT,RENT,542,30,QUITE_GOOD,$0.66,30-12-2023,8,Springs,Cuchumbaya,,Peru
acc-40072207-824,543,APARTMENT,RENT,543,30,GOOD,$0.47,22-12-2023,67472,Rutledge,Changsha,,China
acc-43956650-569,544,APARTMENT,RENT,544,30,NEW,$6.54,01-01-2024,8996,Hoffman,Jitan,,China
acc-51661680-422,545,APARTMENT,SALE,545,30,QUITE_GOOD,$8.36,01-02-2024,4,Elmside,Jambubol,,Indonesia
acc-23705458-358,546,HOUSE,SALE,546,30,VERY_GOOD,$4.17,18-02-2024,162,Randy,Maurole,,Indonesia
acc-10224014-180,547,APARTMENT,RENT,547,30,QUITE_GOOD,$8.44,04-01-2024,63380,Hazelcrest,Perpignan,66013 CEDEX 9,France
acc-13018605-654,548,APARTMENT,SALE,548,30,VERY_GOOD,$3.86,19-01-2024,042,Eastlawn,Chengqu,,China
acc-35747516-549,549,HOUSE,RENT,549,30,NEW,$9.88,28-12-2023,701,Stoughton,Solna,171 43,Sweden
acc-15207781-764,550,HOUSE,SALE,550,30,GOOD,$8.22,19-02-2024,986,Rigney,Asopía,,Greece
acc-47824367-672,551,HOUSE,RENT,551,31,GOOD,$4.82,27-02-2024,27,Havey,Tilburg,5029,Netherlands
acc-75767966-242,552,APARTMENT,SALE,552,31,VERY_GOOD,$1.66,07-02-2024,7,Eastwood,Spassk-Dal’niy,692239,Russia
acc-20523952-951,553,APARTMENT,SALE,553,31,VERY_GOOD,$1.01,22-01-2024,72,Harper,Socabaya,,Peru
acc-59291523-618,554,APARTMENT,SALE,554,31,VERY_GOOD,$5.70,09-02-2024,4,Kings,Tegalgunung,,Indonesia
acc-26501563-729,555,HOUSE,RENT,555,31,QUITE_GOOD,$3.80,10-02-2024,410,Butternut,Caleta Olivia,9011,Argentina
acc-04459926-647,556,APARTMENT,SALE,556,31,NEW,$5.88,18-01-2024,7,Menomonie,Gião,4485-174,Portugal
acc-17792325-489,557,HOUSE,SALE,557,31,GOOD,$4.33,19-12-2023,5653,Springview,Wangmo,,China
acc-99512857-279,558,HOUSE,SALE,558,31,QUITE_GOOD,$3.30,09-02-2024,93,Hooker,Monino,142450,Russia
acc-68134222-507,559,HOUSE,SALE,559,31,GOOD,$6.31,17-02-2024,94,Corry,Anuradhapura,50000,Sri Lanka
acc-80455891-683,560,APARTMENT,SALE,560,31,VERY_GOOD,$2.74,05-01-2024,6,Blackbird,Langqi,,China
acc-49458758-896,561,APARTMENT,SALE,561,31,VERY_GOOD,$9.55,08-01-2024,5884,Jackson,Xiangshan,,China
acc-28895979-620,562,APARTMENT,SALE,562,31,NEW,$5.33,02-01-2024,28,Declaration,Lumbardhi,,Kosovo
acc-33253407-361,563,APARTMENT,RENT,563,31,GOOD,$4.90,26-12-2023,97538,Anniversary,Mabuhay,7010,Philippines
acc-20001156-155,564,APARTMENT,RENT,564,31,GOOD,$3.66,31-01-2024,0,John Wall,Al Jarādīyah,,Saudi Arabia
acc-15941540-649,565,HOUSE,RENT,565,31,QUITE_GOOD,$9.28,11-01-2024,6,Clarendon,Doushan,,China
acc-96388814-582,566,HOUSE,SALE,566,31,GOOD,$2.24,11-12-2023,921,Dakota,Bŭka,,Uzbekistan
acc-14017772-049,567,APARTMENT,RENT,567,31,QUITE_GOOD,$3.30,10-12-2023,78,Monument,San Martin,56199,Mexico
acc-16494921-563,568,APARTMENT,RENT,568,31,GOOD,$4.13,12-01-2024,53,Warner,Lyubymivka,,Ukraine
acc-00637125-607,569,APARTMENT,SALE,569,31,GOOD,$3.72,17-01-2024,22243,Homewood,Derviçian,,Albania
acc-70599144-324,570,APARTMENT,SALE,570,31,NEW,$0.90,02-02-2024,558,Swallow,Fort Worth,76105,United States
acc-14285007-720,571,HOUSE,SALE,571,31,VERY_GOOD,$1.60,13-12-2023,993,Kensington,Wysoka,89-320,Poland
acc-04397346-319,572,HOUSE,RENT,572,31,GOOD,$3.96,29-12-2023,59019,Nevada,Borūjerd,,Iran
acc-97845834-217,573,HOUSE,SALE,573,31,NEW,$4.00,18-01-2024,87,Drewry,Brunssum,6444,Netherlands
acc-75711135-483,574,HOUSE,SALE,574,31,GOOD,$0.71,06-12-2023,38,Mesta,Paraíba do Sul,25850-000,Brazil
acc-69525636-527,575,HOUSE,RENT,575,31,GOOD,$4.30,23-01-2024,62046,Eagan,Sukasari,,Indonesia
acc-16493387-329,576,APARTMENT,RENT,576,32,QUITE_GOOD,$8.19,10-02-2024,180,Loomis,Toguchin,633456,Russia
acc-46413937-677,577,HOUSE,SALE,577,32,NEW,$1.85,04-02-2024,45,Declaration,El Hamma,,Tunisia
acc-45087973-763,578,APARTMENT,RENT,578,32,NEW,$5.10,15-02-2024,12937,Hagan,Strawberry Hills,1424,Australia
acc-93173459-123,579,HOUSE,SALE,579,32,GOOD,$1.86,19-01-2024,37704,Raven,Vrbovec,671 24,Czech Republic
acc-40653362-885,580,APARTMENT,RENT,580,32,QUITE_GOOD,$7.20,19-02-2024,2,Dawn,Situbondo,,Indonesia
acc-88967707-343,581,HOUSE,SALE,581,32,NEW,$0.94,30-01-2024,61,New Castle,Pakel,,Indonesia
acc-23198532-715,582,HOUSE,SALE,582,32,VERY_GOOD,$0.93,21-02-2024,9905,Texas,Leticia,910008,Colombia
acc-98351444-900,583,APARTMENT,SALE,583,32,QUITE_GOOD,$5.06,20-12-2023,201,Leroy,Berlin,12103,Germany
acc-15371639-523,584,HOUSE,RENT,584,32,NEW,$0.78,13-12-2023,59238,Eggendart,Zhaizigou,,China
acc-28940584-943,585,HOUSE,SALE,585,32,QUITE_GOOD,$9.58,03-12-2023,608,Bunting,Agua Fría,,Honduras
acc-09632726-435,586,HOUSE,SALE,586,32,VERY_GOOD,$9.46,18-01-2024,5311,Fulton,Pacarkeling,,Indonesia
acc-17989418-657,587,APARTMENT,RENT,587,32,QUITE_GOOD,$6.12,30-12-2023,21544,Petterle,Luofang,,China
acc-70002598-374,588,APARTMENT,SALE,588,32,QUITE_GOOD,$7.23,09-12-2023,050,Reinke,Xuebu,,China
acc-69644189-630,589,HOUSE,RENT,589,32,VERY_GOOD,$0.94,16-12-2023,6530,Holy Cross,Valence,26009 CEDEX,France
acc-76118090-314,590,APARTMENT,RENT,590,32,NEW,$6.25,13-12-2023,15631,Grim,Bačka Palanka,,Serbia
acc-98980184-076,591,APARTMENT,RENT,591,32,GOOD,$0.79,22-02-2024,0,Pawling,Radeče,1433,Slovenia
acc-16443982-601,592,HOUSE,RENT,592,32,QUITE_GOOD,$5.70,15-01-2024,36320,Division,Temirtau,,Kazakhstan
acc-42702630-317,593,HOUSE,RENT,593,32,QUITE_GOOD,$2.11,19-02-2024,0486,Thierer,Margasari,,Indonesia
acc-77911205-203,594,HOUSE,RENT,594,32,VERY_GOOD,$6.73,10-12-2023,6,Oriole,Martyush,623462,Russia
acc-91829503-930,595,APARTMENT,SALE,595,32,GOOD,$4.81,30-01-2024,40,Elka,Yunguyo,,Peru
acc-04279569-689,596,HOUSE,RENT,596,32,NEW,$5.39,27-02-2024,03,Bellgrove,Kabukarudi,,Indonesia
acc-81320084-561,597,APARTMENT,SALE,597,32,QUITE_GOOD,$7.40,01-01-2024,290,Shopko,Quinta da Queimada,2855-326,Portugal
acc-46476653-655,598,HOUSE,RENT,598,32,QUITE_GOOD,$0.73,20-02-2024,90148,Cody,Sabang,4323,Philippines
acc-64877620-907,599,APARTMENT,RENT,599,32,VERY_GOOD,$8.71,17-12-2023,277,Eggendart,Shazhenxi,,China
acc-44540573-525,600,HOUSE,SALE,600,32,GOOD,$4.71,24-02-2024,93354,Cardinal,Karangtalun,,Indonesia
acc-31180965-888,601,APARTMENT,RENT,601,33,QUITE_GOOD,$1.60,22-02-2024,6,Pearson,Komoro,925-0373,Japan
acc-90352288-392,602,APARTMENT,SALE,602,33,QUITE_GOOD,$3.82,18-02-2024,793,Grasskamp,Sangkalputung,,Indonesia
acc-64391392-719,603,APARTMENT,SALE,603,33,VERY_GOOD,$1.61,04-02-2024,3,Fair Oaks,Getung,,Indonesia
acc-29559198-269,604,APARTMENT,SALE,604,33,QUITE_GOOD,$8.57,12-01-2024,55691,Old Gate,Baligród,38-606,Poland
acc-37222962-170,605,APARTMENT,RENT,605,33,NEW,$9.42,12-02-2024,6034,Mallory,Nizhnyaya Tura,216646,Russia
acc-40433128-169,606,HOUSE,SALE,606,33,QUITE_GOOD,$3.92,09-12-2023,459,Mendota,Mafinga,,Tanzania
acc-01652378-674,607,APARTMENT,SALE,607,33,GOOD,$1.83,18-12-2023,6,Goodland,Deskle,5210,Slovenia
acc-92614767-605,608,APARTMENT,SALE,608,33,VERY_GOOD,$8.43,27-01-2024,91,Cottonwood,Dukay,2101,Philippines
acc-60289590-887,609,HOUSE,RENT,609,33,NEW,$8.02,23-02-2024,3026,Dayton,Bulo,2510,Philippines
acc-49335892-547,610,APARTMENT,SALE,610,33,VERY_GOOD,$9.46,06-02-2024,85,Mcbride,Alenquer,2580-306,Portugal
acc-82739109-161,611,APARTMENT,SALE,611,33,NEW,$8.80,05-12-2023,8,New Castle,Dno,182670,Russia
acc-11956776-437,612,HOUSE,SALE,612,33,VERY_GOOD,$3.54,10-01-2024,5986,Fairfield,Lajaluhur,,Indonesia
acc-13775350-556,613,APARTMENT,RENT,613,33,VERY_GOOD,$1.36,19-02-2024,11333,Thierer,Suugaant,,Mongolia
acc-07800927-520,614,HOUSE,SALE,614,33,NEW,$2.83,16-12-2023,2,Tomscot,Pozo Hondo,3714,Argentina
acc-28329912-870,615,HOUSE,SALE,615,33,NEW,$6.64,20-01-2024,06318,Dixon,Trashigang,,Bhutan
acc-27269666-689,616,HOUSE,SALE,616,33,QUITE_GOOD,$2.34,29-01-2024,775,Nancy,Herne,44629,Germany
acc-62504904-742,617,APARTMENT,RENT,617,33,GOOD,$0.93,21-02-2024,63973,Westport,Yanwukou,,China
acc-11641289-305,618,HOUSE,RENT,618,33,GOOD,$9.88,28-12-2023,6230,Oneill,Hövsan,,Azerbaijan
acc-21218134-732,619,HOUSE,RENT,619,33,GOOD,$9.51,27-02-2024,97,Mayer,Bom Despacho,35600-000,Brazil
acc-62715154-323,620,APARTMENT,SALE,620,33,NEW,$9.73,26-12-2023,522,Corscot,Kaavi,73601,Finland
acc-89114857-396,621,APARTMENT,RENT,621,33,GOOD,$0.22,13-01-2024,2201,Northview,Anse Boileau,,Seychelles
acc-90202556-922,622,HOUSE,SALE,622,33,GOOD,$2.10,03-12-2023,5,Steensland,Minamata,869-5604,Japan
acc-22467198-492,623,HOUSE,RENT,623,33,GOOD,$7.81,09-01-2024,39,Gina,Konstantinovo,,Belarus
acc-40796933-939,624,HOUSE,SALE,624,33,VERY_GOOD,$3.66,19-02-2024,4,Scoville,Talnakh,663330,Russia
acc-29873747-286,625,HOUSE,SALE,625,33,GOOD,$4.55,29-02-2024,77389,South,Lukrejo,,Indonesia
acc-27637849-425,626,HOUSE,RENT,626,34,NEW,$7.82,04-12-2023,24,Morningstar,Bobrov,397706,Russia
acc-78119413-401,627,HOUSE,RENT,627,34,GOOD,$9.02,24-02-2024,3467,Reindahl,Namangan Shahri,,Uzbekistan
acc-41237776-731,628,HOUSE,RENT,628,34,NEW,$1.54,12-12-2023,5439,Village Green,Pochep,243418,Russia
acc-65461728-055,629,APARTMENT,SALE,629,34,VERY_GOOD,$4.60,04-02-2024,52,Dakota,Kota Kinabalu,88592,Malaysia
acc-65665265-960,630,APARTMENT,SALE,630,34,NEW,$0.92,21-12-2023,5434,Claremont,Had Kourt,,Morocco
acc-81094046-301,631,HOUSE,RENT,631,34,VERY_GOOD,$2.76,31-01-2024,0,Mcguire,Berezovo,,Ukraine
acc-09894279-151,632,APARTMENT,RENT,632,34,NEW,$2.92,13-02-2024,21,Havey,Monte,3870-123,Portugal
acc-16381144-512,633,HOUSE,SALE,633,34,NEW,$2.66,04-01-2024,956,Knutson,Serra,29160-000,Brazil
acc-72152842-878,634,APARTMENT,SALE,634,34,NEW,$2.64,13-01-2024,521,Susan,Fernando de Noronha (Distrito Estadual),39450-000,Brazil
acc-17349666-002,635,HOUSE,RENT,635,34,QUITE_GOOD,$0.67,08-02-2024,03063,Aberg,Kowŏn-ŭp,,North Korea
acc-41174304-647,636,HOUSE,SALE,636,34,NEW,$7.85,30-01-2024,98399,Blaine,Warung Wetan,,Indonesia
acc-96231176-547,637,APARTMENT,RENT,637,34,QUITE_GOOD,$4.90,16-12-2023,2573,Stuart,Goyty,366502,Russia
acc-45596889-191,638,APARTMENT,SALE,638,34,QUITE_GOOD,$7.43,25-12-2023,05,Stang,Portëz,,Albania
acc-98114408-087,639,APARTMENT,SALE,639,34,NEW,$0.15,30-12-2023,168,Cardinal,Maanĭt,,Mongolia
acc-31849327-372,640,APARTMENT,SALE,640,34,VERY_GOOD,$3.35,13-01-2024,519,Utah,Geser,,Indonesia
acc-47168079-035,641,HOUSE,SALE,641,34,GOOD,$3.14,12-02-2024,56458,Haas,Cikijing,,Indonesia
acc-95643852-783,642,APARTMENT,SALE,642,34,QUITE_GOOD,$6.57,30-12-2023,3624,Onsgard,Sam Chuk,72130,Thailand
acc-34048053-384,643,HOUSE,RENT,643,34,NEW,$5.54,21-02-2024,07078,Florence,Banjar Tengah,,Indonesia
acc-89179004-266,644,APARTMENT,RENT,644,34,QUITE_GOOD,$5.81,25-01-2024,32719,Melby,Dzorastan,,Armenia
acc-98801411-807,645,HOUSE,SALE,645,34,GOOD,$2.15,28-12-2023,5208,Glacier Hill,Randusari,,Indonesia
acc-73591704-156,646,HOUSE,RENT,646,34,VERY_GOOD,$7.18,05-12-2023,7,Spenser,Klau,,Indonesia
acc-06541353-404,647,APARTMENT,SALE,647,34,VERY_GOOD,$2.34,05-02-2024,8,Rockefeller,Saint-Rémy-de-Provence,13538 CEDEX,France
acc-94051659-385,648,APARTMENT,SALE,648,34,NEW,$9.80,18-12-2023,6644,Ryan,Uralets,622910,Russia
acc-44966416-140,649,HOUSE,SALE,649,34,NEW,$2.93,15-02-2024,067,1st,Budzów,34-211,Poland
acc-67487285-773,650,HOUSE,SALE,650,34,VERY_GOOD,$4.48,21-01-2024,34,Morningstar,Fkih Ben Salah,,Morocco
acc-73362006-508,651,HOUSE,RENT,651,35,QUITE_GOOD,$9.90,24-02-2024,80363,Hermina,Balidian,,China
acc-28061566-761,652,HOUSE,SALE,652,35,GOOD,$6.55,29-01-2024,27,Esker,Fengjia,,China
acc-76702075-733,653,APARTMENT,RENT,653,35,GOOD,$5.51,27-01-2024,6,Evergreen,Beihe,,China
acc-13543551-909,654,APARTMENT,SALE,654,35,NEW,$3.93,16-12-2023,8,Mifflin,Santa Helena de Goiás,75920-000,Brazil
acc-46532292-103,655,APARTMENT,SALE,655,35,VERY_GOOD,$8.81,02-01-2024,7,Granby,Cornwall,L4E,Canada
acc-76619182-094,656,APARTMENT,SALE,656,35,GOOD,$4.42,17-01-2024,98768,Glacier Hill,Zheleznovodsk,357408,Russia
acc-69085513-338,657,HOUSE,SALE,657,35,GOOD,$9.05,28-01-2024,01288,Granby,Tengqiao,,China
acc-96978121-563,658,HOUSE,SALE,658,35,GOOD,$3.61,03-01-2024,003,Shelley,Mamfe,,Cameroon
acc-66246077-134,659,HOUSE,RENT,659,35,VERY_GOOD,$5.58,12-12-2023,20373,Northfield,Pakisrejo,,Indonesia
acc-58512813-354,660,HOUSE,RENT,660,35,GOOD,$8.61,18-01-2024,22426,Armistice,Nancy,54939 CEDEX 9,France
acc-45352982-086,661,HOUSE,SALE,661,35,QUITE_GOOD,$6.13,17-02-2024,8,Anthes,Blumenau,89000-000,Brazil
acc-68374534-831,662,APARTMENT,RENT,662,35,VERY_GOOD,$3.24,14-02-2024,8,Monument,Alzamay,665161,Russia
acc-84085285-084,663,HOUSE,RENT,663,35,NEW,$3.23,12-01-2024,658,Ryan,Fenais da Ajuda,9625-025,Portugal
acc-43855707-793,664,HOUSE,SALE,664,35,QUITE_GOOD,$2.28,01-12-2023,2,Nova,Rosario del Ingre,,Bolivia
acc-32725363-707,665,HOUSE,RENT,665,35,NEW,$1.32,15-02-2024,9,Garrison,Le Mans,72029 CEDEX 2,France
acc-22436925-804,666,APARTMENT,RENT,666,35,QUITE_GOOD,$1.61,05-12-2023,24609,Debs,Carmen,9408,Philippines
acc-24679601-676,667,HOUSE,SALE,667,35,GOOD,$0.12,16-12-2023,11521,Milwaukee,Raleigh,27690,United States
acc-54181309-017,668,APARTMENT,RENT,668,35,GOOD,$0.65,14-01-2024,7286,Algoma,Vila Velha de Ródão,6030-006,Portugal
acc-52121383-074,669,APARTMENT,RENT,669,35,GOOD,$5.59,16-12-2023,73877,Jenna,Santo André,09000-000,Brazil
acc-55582534-952,670,APARTMENT,SALE,670,35,QUITE_GOOD,$3.77,20-01-2024,6905,Atwood,Naukšēni,,Latvia
acc-29310459-011,671,APARTMENT,SALE,671,35,QUITE_GOOD,$3.26,03-01-2024,45938,Reindahl,Hamilton,3244,New Zealand
acc-57798544-740,672,APARTMENT,SALE,672,35,QUITE_GOOD,$5.25,04-01-2024,45,Nova,Pasvalys,39001,Lithuania
acc-77838388-813,673,HOUSE,RENT,673,35,QUITE_GOOD,$6.62,26-12-2023,18296,Utah,Pilar,58338-000,Brazil
acc-12052208-661,674,HOUSE,SALE,674,35,NEW,$3.03,09-01-2024,1,Northview,Lupo,5616,Philippines
acc-49645315-345,675,APARTMENT,RENT,675,35,QUITE_GOOD,$0.10,22-12-2023,888,Rockefeller,Plavsk,301477,Russia
acc-40727003-318,676,APARTMENT,RENT,676,36,VERY_GOOD,$1.09,18-01-2024,98,Sundown,Jianghu,,China
acc-55007754-480,677,HOUSE,RENT,677,36,GOOD,$3.75,19-12-2023,3057,Sherman,Kesambilerenkrajan,,Indonesia
acc-01349216-218,678,APARTMENT,RENT,678,36,NEW,$7.12,27-12-2023,840,Mockingbird,Claveria,9004,Philippines
acc-56265965-786,679,HOUSE,SALE,679,36,QUITE_GOOD,$0.63,29-01-2024,4,Aberg,Bearna,F93,Ireland
acc-67756390-913,680,HOUSE,RENT,680,36,NEW,$1.52,28-01-2024,63,Melby,Kąty Wrocławskie,55-080,Poland
acc-44408420-551,681,APARTMENT,SALE,681,36,QUITE_GOOD,$2.80,05-02-2024,8,Wayridge,Xiapu,,China
acc-18184735-725,682,HOUSE,SALE,682,36,NEW,$5.21,08-02-2024,71,Portage,Colmar,68004 CEDEX,France
acc-91932086-533,683,APARTMENT,SALE,683,36,NEW,$5.95,04-02-2024,98082,Farragut,Nakatsu,797-1506,Japan
acc-84494467-069,684,APARTMENT,RENT,684,36,QUITE_GOOD,$0.72,11-01-2024,54,Artisan,Steinkjer,7737,Norway
acc-36576892-351,685,HOUSE,SALE,685,36,VERY_GOOD,$9.02,18-02-2024,925,Basil,Vrdy,285 71,Czech Republic
acc-83480991-375,686,HOUSE,RENT,686,36,NEW,$2.73,25-02-2024,862,West,Strabychovo,,Ukraine
acc-01068873-057,687,HOUSE,SALE,687,36,VERY_GOOD,$0.30,15-02-2024,0333,Bowman,Anápolis,75000-000,Brazil
acc-66634180-745,688,HOUSE,RENT,688,36,QUITE_GOOD,$0.79,18-12-2023,69057,Helena,Gangbian,,China
acc-67161085-234,689,APARTMENT,SALE,689,36,NEW,$3.52,13-01-2024,95,Fordem,Kiryū,379-2314,Japan
acc-64225022-699,690,APARTMENT,SALE,690,36,VERY_GOOD,$0.00,16-12-2023,105,Kingsford,Hailang,,China
acc-27228182-530,691,APARTMENT,SALE,691,36,QUITE_GOOD,$1.88,26-12-2023,4,Shasta,Kramfors,872 24,Sweden
acc-17384620-214,692,HOUSE,RENT,692,36,QUITE_GOOD,$8.25,05-01-2024,2,Lerdahl,Santo Amaro da Imperatriz,88140-000,Brazil
acc-95775213-529,693,HOUSE,RENT,693,36,GOOD,$5.82,26-02-2024,883,Havey,Mainque,8326,Argentina
acc-83034413-187,694,HOUSE,SALE,694,36,VERY_GOOD,$6.82,27-01-2024,3509,Arapahoe,Kiltamagh,P75,Ireland
acc-00244276-496,695,HOUSE,RENT,695,36,QUITE_GOOD,$2.65,07-01-2024,3,Mcbride,Las Tunas,,Cuba
acc-32537826-265,696,APARTMENT,SALE,696,36,QUITE_GOOD,$9.39,05-01-2024,43,Vernon,Juzhen,,China
acc-67992752-355,697,HOUSE,SALE,697,36,QUITE_GOOD,$5.77,25-01-2024,56098,Ryan,Nāḩiyat as Sab‘ Biyār,,Syria
acc-08450265-053,698,HOUSE,SALE,698,36,QUITE_GOOD,$9.86,20-01-2024,3,Dennis,Acao,1116,Philippines
acc-70298340-639,699,APARTMENT,SALE,699,36,GOOD,$1.77,24-12-2023,936,Tony,Yakovlevo,215723,Russia
acc-66802454-505,700,APARTMENT,RENT,700,36,NEW,$4.62,14-01-2024,268,Heffernan,Dahao,,China
acc-44266178-914,701,HOUSE,RENT,701,37,VERY_GOOD,$8.59,22-01-2024,80712,Randy,Podwilk,34-722,Poland
acc-28206211-248,702,HOUSE,SALE,702,37,QUITE_GOOD,$3.33,27-02-2024,722,Corry,Murowana Goślina,62-096,Poland
acc-98409188-366,703,HOUSE,SALE,703,37,QUITE_GOOD,$9.84,12-02-2024,49456,Schiller,Wilfrido Loor Moreira,,Ecuador
acc-57760122-923,704,APARTMENT,SALE,704,37,GOOD,$4.53,23-12-2023,889,Raven,El Guamo,132007,Colombia
acc-05165782-360,705,APARTMENT,RENT,705,37,NEW,$4.61,09-12-2023,3998,Pennsylvania,Itabirito,35450-000,Brazil
acc-68415550-976,706,APARTMENT,RENT,706,37,GOOD,$9.97,19-02-2024,10231,Onsgard,Corinto,191569,Colombia
acc-09146087-865,707,HOUSE,SALE,707,37,QUITE_GOOD,$1.68,13-02-2024,43,Clyde Gallagher,Calheta de Nesquim,9930-025,Portugal
acc-09474554-254,708,HOUSE,RENT,708,37,VERY_GOOD,$0.77,05-01-2024,46709,Nelson,Seara,4845-028,Portugal
acc-51868740-992,709,HOUSE,RENT,709,37,NEW,$9.36,17-02-2024,1,Petterle,Jingling,,China
acc-99340512-650,710,HOUSE,RENT,710,37,VERY_GOOD,$1.91,26-12-2023,6,Eggendart,Zmijavci,21266,Croatia
acc-21806021-798,711,APARTMENT,RENT,711,37,GOOD,$1.94,18-12-2023,37824,Hoard,Córdoba,632027,Colombia
acc-33701377-340,712,APARTMENT,SALE,712,37,GOOD,$6.60,15-12-2023,7796,Pierstorff,Erbil,,Iraq
acc-71087805-519,713,APARTMENT,SALE,713,37,NEW,$8.76,15-01-2024,4699,Laurel,Changjiang,,China
acc-57789193-254,714,APARTMENT,SALE,714,37,VERY_GOOD,$8.48,04-01-2024,7924,Waywood,Sabhā,,Libya
acc-47761544-252,715,HOUSE,SALE,715,37,VERY_GOOD,$9.95,31-01-2024,8,Rutledge,Mabusag,2904,Philippines
acc-58591810-304,716,APARTMENT,SALE,716,37,GOOD,$8.97,28-01-2024,6386,Coolidge,Sainte-Luce-sur-Loire,44984 CEDEX,France
acc-00265995-640,717,APARTMENT,RENT,717,37,NEW,$6.43,30-12-2023,5,Hovde,Lešná,756 41,Czech Republic
acc-90916916-817,718,HOUSE,RENT,718,37,GOOD,$4.20,13-02-2024,4,Porter,Bagangan,,Indonesia
acc-06914925-729,719,APARTMENT,RENT,719,37,GOOD,$4.20,25-01-2024,5337,Dakota,Chiang Mai,50000,Thailand
acc-33189197-946,720,APARTMENT,SALE,720,37,NEW,$5.31,28-01-2024,14,Bartillon,Kinshasa,,Democratic Republic of the Congo
acc-58414493-234,721,HOUSE,RENT,721,37,VERY_GOOD,$3.19,01-02-2024,823,Farmco,Kloangpopot,,Indonesia
acc-10214221-469,722,HOUSE,SALE,722,37,VERY_GOOD,$0.24,04-02-2024,39388,Fair Oaks,Manorom,17110,Thailand
acc-61694407-788,723,APARTMENT,RENT,723,37,GOOD,$6.59,03-01-2024,159,Lighthouse Bay,Yiyang,,China
acc-17205836-866,724,HOUSE,RENT,724,37,QUITE_GOOD,$2.75,06-02-2024,0,Green Ridge,Chengdong,,China
acc-53358086-687,725,APARTMENT,RENT,725,37,NEW,$0.43,31-12-2023,67,Magdeline,Lapuan,3015,Philippines
acc-05413767-613,726,APARTMENT,SALE,726,38,GOOD,$6.21,08-02-2024,98400,Bartillon,Kadupinang,,Indonesia
acc-04229128-647,727,APARTMENT,RENT,727,38,NEW,$1.32,13-01-2024,61274,Michigan,Bifeng,,China
acc-40660953-289,728,HOUSE,SALE,728,38,NEW,$8.52,24-02-2024,8045,Pine View,Hewa,,Indonesia
acc-98210729-540,729,HOUSE,RENT,729,38,GOOD,$0.47,29-01-2024,58139,Pierstorff,Chai Badan,15130,Thailand
acc-38161336-781,730,APARTMENT,SALE,730,38,GOOD,$5.11,22-02-2024,7459,Elmside,Wanhu,,China
acc-88165151-452,731,HOUSE,RENT,731,38,GOOD,$7.86,24-01-2024,765,Monterey,Lloque,,Peru
acc-64908721-207,732,HOUSE,SALE,732,38,VERY_GOOD,$1.58,25-02-2024,48613,Northridge,Lashkar Gāh,,Afghanistan
acc-22306386-655,733,HOUSE,RENT,733,38,QUITE_GOOD,$1.16,29-12-2023,45011,Cottonwood,Baz,,Albania
acc-36406832-436,734,APARTMENT,RENT,734,38,GOOD,$6.11,05-01-2024,053,Steensland,Tembol,,Indonesia
acc-95561626-160,735,APARTMENT,SALE,735,38,GOOD,$5.10,22-01-2024,6218,Talisman,Novomoskovsk,301767,Russia
acc-98567099-311,736,APARTMENT,SALE,736,38,NEW,$8.45,25-02-2024,3,Sage,Diadi,3712,Philippines
acc-35691072-380,737,HOUSE,SALE,737,38,GOOD,$0.35,28-12-2023,1,Clarendon,Lieyu,,China
acc-21515297-896,738,APARTMENT,SALE,738,38,GOOD,$5.02,28-12-2023,286,Kinsman,Lovisa,94800,Finland
acc-76236961-424,739,HOUSE,SALE,739,38,VERY_GOOD,$2.88,19-01-2024,2818,Melrose,Dolsk,63-140,Poland
acc-97685524-196,740,APARTMENT,SALE,740,38,QUITE_GOOD,$3.18,03-02-2024,7,Buena Vista,Siquanpu,,China
acc-73090769-758,741,APARTMENT,SALE,741,38,NEW,$0.81,05-12-2023,84,Sycamore,Zhoutian,,China
acc-30682307-657,742,HOUSE,SALE,742,38,GOOD,$5.29,06-02-2024,1,Mockingbird,Kamiiso,501-0531,Japan
acc-85365628-949,743,APARTMENT,RENT,743,38,QUITE_GOOD,$6.22,11-12-2023,138,Morning,Luxia,,China
acc-72328736-836,744,HOUSE,SALE,744,38,QUITE_GOOD,$4.44,01-12-2023,33,Clyde Gallagher,Lemery,5043,Philippines
acc-03070713-307,745,HOUSE,SALE,745,38,QUITE_GOOD,$1.60,22-01-2024,64317,Hermina,Schaumburg,60193,United States
acc-11366588-908,746,HOUSE,RENT,746,38,VERY_GOOD,$3.19,22-02-2024,030,Drewry,Lucija,6333,Slovenia
acc-15320487-974,747,HOUSE,RENT,747,38,VERY_GOOD,$4.90,07-12-2023,3,Banding,Sunfang,,China
acc-10322348-498,748,HOUSE,SALE,748,38,NEW,$5.24,22-01-2024,1,Carpenter,Al Bawīţī,,Egypt
acc-21001819-651,749,APARTMENT,SALE,749,38,VERY_GOOD,$2.76,01-01-2024,34,Hanover,Bacheng,,China
acc-59536299-115,750,HOUSE,RENT,750,38,GOOD,$4.53,03-02-2024,3,Hanson,Călăraşi,MD-4438,Moldova
acc-96950612-835,751,APARTMENT,SALE,751,39,VERY_GOOD,$3.43,13-01-2024,0675,Warner,Dinjo,,Indonesia
acc-19414581-106,752,HOUSE,SALE,752,39,QUITE_GOOD,$0.25,28-01-2024,70030,Mayfield,Ankazondandy,,Madagascar
acc-78133501-843,753,APARTMENT,SALE,753,39,NEW,$6.29,11-12-2023,6,Nevada,Pouso Alegre,37550-000,Brazil
acc-28056111-336,754,APARTMENT,SALE,754,39,QUITE_GOOD,$0.00,07-01-2024,5,Springs,Sulangan,1096,Philippines
acc-20185563-743,755,HOUSE,SALE,755,39,NEW,$3.95,02-12-2023,8135,Corscot,Karlstad,651 80,Sweden
acc-66399610-318,756,HOUSE,RENT,756,39,QUITE_GOOD,$6.84,01-01-2024,8510,Union,Umeå,903 01,Sweden
acc-87996931-844,757,HOUSE,RENT,757,39,VERY_GOOD,$3.17,20-02-2024,412,Shoshone,Thanatpin,,Myanmar
acc-03746958-967,758,HOUSE,SALE,758,39,QUITE_GOOD,$4.06,14-01-2024,19617,Becker,Irahuan,5301,Philippines
acc-53595638-309,759,HOUSE,RENT,759,39,VERY_GOOD,$8.63,21-12-2023,546,Surrey,Sincé,056450,Colombia
acc-52152212-762,760,APARTMENT,SALE,760,39,GOOD,$0.28,19-12-2023,398,Leroy,Arsen’yev,692338,Russia
acc-71746872-832,761,HOUSE,SALE,761,39,NEW,$9.88,11-12-2023,9,Springview,El Paso,79945,United States
acc-81318737-655,762,HOUSE,SALE,762,39,QUITE_GOOD,$8.35,13-02-2024,00653,Nevada,Shuanggang,,China
acc-73977614-149,763,HOUSE,RENT,763,39,GOOD,$3.21,21-02-2024,06395,Menomonie,Shangyuan,,China
acc-85629434-046,764,APARTMENT,SALE,764,39,VERY_GOOD,$3.15,25-01-2024,814,Colorado,Bergen,5828,Norway
acc-86147697-208,765,APARTMENT,SALE,765,39,QUITE_GOOD,$7.19,13-12-2023,918,Summer Ridge,Vyatskiye Polyany,622937,Russia
acc-26769221-406,766,HOUSE,SALE,766,39,NEW,$9.51,20-12-2023,3,Grim,Lages,4620-279,Portugal
acc-15402617-602,767,HOUSE,SALE,767,39,GOOD,$7.36,23-02-2024,2,Muir,Sumbergebang,,Indonesia
acc-77512242-844,768,HOUSE,RENT,768,39,GOOD,$7.96,22-01-2024,4816,Lyons,San Jerónimo,,Peru
acc-00319870-914,769,APARTMENT,SALE,769,39,QUITE_GOOD,$7.96,04-01-2024,8542,Thierer,Xiluodu,,China
acc-77159650-852,770,APARTMENT,RENT,770,39,QUITE_GOOD,$8.67,05-01-2024,5,Pennsylvania,Mujur Satu,,Indonesia
acc-34046130-285,771,APARTMENT,RENT,771,39,NEW,$5.39,15-02-2024,1433,Quincy,Hongshan,,China
acc-20000528-861,772,HOUSE,SALE,772,39,QUITE_GOOD,$1.36,01-02-2024,30198,New Castle,Washington,20067,United States
acc-80483727-110,773,HOUSE,SALE,773,39,VERY_GOOD,$5.82,31-12-2023,18228,Bobwhite,Landerneau,29411 CEDEX,France
acc-50298878-181,774,HOUSE,SALE,774,39,QUITE_GOOD,$3.35,08-01-2024,74,Glendale,Kopral,,Indonesia
acc-34726378-428,775,APARTMENT,RENT,775,39,NEW,$9.84,18-12-2023,991,Lake View,Barinitas,,Venezuela
acc-44838972-792,776,APARTMENT,SALE,776,40,QUITE_GOOD,$7.91,03-01-2024,83195,Oakridge,Boyarka,,Ukraine
acc-70309958-841,777,APARTMENT,RENT,777,40,GOOD,$6.58,08-12-2023,0,Stoughton,Végueta,,Peru
acc-59362399-617,778,APARTMENT,RENT,778,40,VERY_GOOD,$1.70,31-01-2024,07,Fairview,Sutukoba,,Gambia
acc-09190188-156,779,APARTMENT,RENT,779,40,VERY_GOOD,$6.81,14-12-2023,7,Roxbury,Nanyang,,China
acc-55566855-112,780,HOUSE,RENT,780,40,GOOD,$0.46,12-12-2023,53942,Grover,Dinājpur,5216,Bangladesh
acc-74864591-432,781,APARTMENT,RENT,781,40,GOOD,$6.64,25-12-2023,3,Quincy,Hradec nad Moravici,747 84,Czech Republic
acc-55248523-411,782,HOUSE,RENT,782,40,NEW,$1.58,26-12-2023,3497,Arrowood,Novyy Uoyan,671732,Russia
acc-35035094-653,783,HOUSE,RENT,783,40,VERY_GOOD,$5.76,27-01-2024,945,Mallard,Bromma,167 74,Sweden
acc-12854770-435,784,HOUSE,RENT,784,40,QUITE_GOOD,$7.46,08-12-2023,1576,Jana,Mababanaba,6539,Philippines
acc-18914268-438,785,APARTMENT,SALE,785,40,QUITE_GOOD,$8.63,20-01-2024,0199,Algoma,Conduaga,1084,Philippines
acc-43086810-107,786,HOUSE,RENT,786,40,VERY_GOOD,$2.47,12-02-2024,7588,Jackson,Shah Alam,40612,Malaysia
acc-73288581-039,787,HOUSE,SALE,787,40,QUITE_GOOD,$3.60,13-12-2023,6694,Londonderry,Kigoma,,Tanzania
acc-88704778-417,788,APARTMENT,SALE,788,40,QUITE_GOOD,$5.79,01-12-2023,198,Rieder,Ezhou,,China
acc-98121515-778,789,APARTMENT,RENT,789,40,QUITE_GOOD,$1.04,28-12-2023,071,Mandrake,Odivelas,2675-080,Portugal
acc-33867709-790,790,HOUSE,SALE,790,40,QUITE_GOOD,$3.53,06-12-2023,7,Manley,Phoenix,85072,United States
acc-09083461-473,791,APARTMENT,SALE,791,40,VERY_GOOD,$9.82,24-12-2023,61562,Blackbird,Mungging,,Indonesia
acc-75108661-500,792,HOUSE,SALE,792,40,GOOD,$7.74,25-01-2024,6,Michigan,Goranboy,,Azerbaijan
acc-58829914-776,793,HOUSE,SALE,793,40,QUITE_GOOD,$9.02,28-02-2024,6,Crowley,Taupo,3352,New Zealand
acc-55025827-891,794,APARTMENT,SALE,794,40,NEW,$7.92,08-02-2024,90,Hoard,Les Sables-d'Olonne,85109 CEDEX,France
acc-68429078-861,795,APARTMENT,SALE,795,40,GOOD,$7.56,01-12-2023,419,Hoffman,Nanterre,92004 CEDEX,France
acc-78580558-999,796,APARTMENT,SALE,796,40,QUITE_GOOD,$4.08,26-12-2023,323,Eliot,Yinying,,China
acc-91265322-095,797,HOUSE,RENT,797,40,NEW,$6.35,25-01-2024,655,Cody,Waingapu,,Indonesia
acc-40521481-288,798,HOUSE,RENT,798,40,NEW,$7.91,28-01-2024,3,Westport,Tupaciguara,38430-000,Brazil
acc-80268177-279,799,APARTMENT,SALE,799,40,QUITE_GOOD,$0.02,06-01-2024,22488,Mesta,Hucheng,,China
acc-38036638-241,800,HOUSE,RENT,800,40,VERY_GOOD,$6.99,23-01-2024,69927,Gerald,Manis Mekarwangi,,Indonesia
acc-19293425-050,801,HOUSE,RENT,801,41,NEW,$5.44,02-01-2024,523,Cottonwood,Bailianhe,,China
acc-80270287-168,802,APARTMENT,RENT,802,41,QUITE_GOOD,$0.89,21-01-2024,5620,Susan,Shalya,623030,Russia
acc-17097762-492,803,HOUSE,SALE,803,41,QUITE_GOOD,$3.14,03-02-2024,21083,Basil,Zhaogezhuang,,China
acc-98552769-004,804,HOUSE,SALE,804,41,VERY_GOOD,$7.08,01-01-2024,4,Evergreen,Dananyu,,China
acc-09171152-386,805,HOUSE,RENT,805,41,GOOD,$5.51,19-01-2024,25,Maryland,Krajan,,Indonesia
acc-84548059-895,806,APARTMENT,RENT,806,41,NEW,$9.96,15-01-2024,26,Dapin,Balauring,,Indonesia
acc-02815572-848,807,HOUSE,SALE,807,41,QUITE_GOOD,$2.25,03-02-2024,20,Northridge,Sigli,,Indonesia
acc-86743724-593,808,HOUSE,RENT,808,41,GOOD,$3.44,25-02-2024,0,Daystar,Washington,20057,United States
acc-90742746-834,809,HOUSE,SALE,809,41,QUITE_GOOD,$4.48,01-12-2023,9413,Del Sol,Date,949-8522,Japan
acc-89354767-149,810,APARTMENT,SALE,810,41,NEW,$6.31,05-02-2024,671,Russell,Vargem Grande do Sul,13880-000,Brazil
acc-71901930-901,811,APARTMENT,SALE,811,41,GOOD,$7.77,28-01-2024,5209,Memorial,Agidel’,452941,Russia
acc-09928675-745,812,APARTMENT,RENT,812,41,NEW,$7.16,11-01-2024,14756,Glendale,Knoxville,37914,United States
acc-86910636-817,813,APARTMENT,RENT,813,41,QUITE_GOOD,$2.93,17-01-2024,4,Ramsey,Laguna,88790-000,Brazil
acc-01168169-248,814,APARTMENT,RENT,814,41,NEW,$3.68,12-01-2024,2,Butterfield,Grand Rapids,49518,United States
acc-38652746-844,815,APARTMENT,RENT,815,41,QUITE_GOOD,$4.98,03-01-2024,35547,Summit,Baranti,,Indonesia
acc-63958315-244,816,HOUSE,SALE,816,41,GOOD,$4.63,05-01-2024,0,Northfield,Nueva Italia,,Paraguay
acc-16733478-596,817,HOUSE,RENT,817,41,VERY_GOOD,$3.64,12-12-2023,35,Pine View,Pryvol’ny,,Belarus
acc-26649585-089,818,HOUSE,SALE,818,41,NEW,$4.97,10-12-2023,9,Anzinger,Ciyun,,China
acc-73283310-000,819,HOUSE,SALE,819,41,NEW,$4.25,19-12-2023,588,Lien,Xiagong,,China
acc-23360489-471,820,HOUSE,SALE,820,41,GOOD,$0.91,18-12-2023,8376,Roxbury,Sacramento,95894,United States
acc-09311080-616,821,HOUSE,SALE,821,41,GOOD,$3.93,01-12-2023,739,Autumn Leaf,Mulchén,,Chile
acc-83738743-111,822,HOUSE,SALE,822,41,QUITE_GOOD,$6.63,11-01-2024,8320,Gulseth,Mombok,,Indonesia
acc-76335375-529,823,HOUSE,SALE,823,41,VERY_GOOD,$8.01,15-01-2024,2,Jenna,Ristinummi,66999,Finland
acc-50402195-643,824,HOUSE,SALE,824,41,GOOD,$8.23,28-12-2023,84,Grasskamp,Jingzi,,China
acc-89731053-326,825,APARTMENT,SALE,825,41,QUITE_GOOD,$1.67,04-01-2024,32,Hermina,Curry,5702,Philippines
acc-85025173-579,826,APARTMENT,RENT,826,42,QUITE_GOOD,$3.80,01-02-2024,565,Anhalt,Pasadena,91131,United States
acc-63574982-405,827,HOUSE,SALE,827,42,QUITE_GOOD,$1.18,07-01-2024,3214,Truax,San Ramón,,Nicaragua
acc-43339741-701,828,HOUSE,SALE,828,42,QUITE_GOOD,$3.13,28-02-2024,64,Lotheville,Anding,,China
acc-39095537-306,829,HOUSE,RENT,829,42,GOOD,$8.45,17-01-2024,15444,Melody,Monte Santo de Minas,37958-000,Brazil
acc-92204789-166,830,APARTMENT,SALE,830,42,NEW,$3.34,22-12-2023,8,Hansons,Anseong,,South Korea
acc-89864213-368,831,HOUSE,RENT,831,42,NEW,$1.95,16-12-2023,30,Vahlen,Zhitan,,China
acc-40617703-870,832,HOUSE,SALE,832,42,QUITE_GOOD,$2.22,23-02-2024,2019,Colorado,Cirompang,,Indonesia
acc-07680895-927,833,APARTMENT,RENT,833,42,VERY_GOOD,$6.15,03-02-2024,9,Dakota,Farsta,123 71,Sweden
acc-12772309-541,834,HOUSE,RENT,834,42,GOOD,$2.44,04-01-2024,741,American Ash,Meylan,38244 CEDEX,France
acc-60703441-062,835,HOUSE,SALE,835,42,NEW,$3.46,18-01-2024,4244,Lakewood,Solna,171 64,Sweden
acc-75096071-207,836,APARTMENT,RENT,836,42,QUITE_GOOD,$2.97,08-12-2023,4489,Commercial,Gagnoa,,Ivory Coast
acc-70857250-741,837,HOUSE,RENT,837,42,VERY_GOOD,$7.29,03-01-2024,19,Anthes,Mitsukaidō,306-0614,Japan
acc-30169363-889,838,APARTMENT,SALE,838,42,NEW,$0.92,14-02-2024,7460,Lunder,Bāgh-e Malek,,Iran
acc-09817788-988,839,HOUSE,RENT,839,42,NEW,$2.68,25-12-2023,6567,Arapahoe,Breu,,Peru
acc-48321510-282,840,APARTMENT,RENT,840,42,GOOD,$4.23,01-12-2023,2,Havey,Qixia,,China
acc-98256843-028,841,APARTMENT,SALE,841,42,NEW,$8.78,23-01-2024,9,Pankratz,Adiwerna,,Indonesia
acc-69954092-219,842,HOUSE,RENT,842,42,NEW,$4.18,25-02-2024,40527,Anhalt,Khonj,,Iran
acc-14374695-990,843,HOUSE,RENT,843,42,VERY_GOOD,$3.35,03-01-2024,93,Farwell,Leone,96799,American Samoa
acc-34798125-803,844,HOUSE,RENT,844,42,NEW,$6.50,22-02-2024,59,Pearson,Wonokerso,,Indonesia
acc-42682663-140,845,APARTMENT,SALE,845,42,VERY_GOOD,$4.15,04-01-2024,0811,Dexter,Luobei,,China
acc-55131479-581,846,APARTMENT,RENT,846,42,QUITE_GOOD,$5.22,19-01-2024,376,Crest Line,Uddevalla,451 32,Sweden
acc-73598909-854,847,APARTMENT,RENT,847,42,QUITE_GOOD,$4.24,23-01-2024,37333,John Wall,Kuvshinovo,182346,Russia
acc-19080680-357,848,HOUSE,RENT,848,42,NEW,$5.29,04-02-2024,6,Anzinger,Seidu,,Sierra Leone
acc-21746715-798,849,HOUSE,RENT,849,42,QUITE_GOOD,$7.99,24-12-2023,9052,Kim,Paris 09,75439 CEDEX 09,France
acc-28755520-192,850,HOUSE,RENT,850,42,GOOD,$4.02,25-12-2023,941,Vahlen,Wuhao,,China
acc-56771301-188,851,APARTMENT,SALE,851,43,GOOD,$5.77,05-01-2024,06,Graedel,Mardzad,,Mongolia
acc-83819385-448,852,HOUSE,RENT,852,43,NEW,$0.01,06-02-2024,593,Namekagon,Yanggang,,China
acc-82655115-292,853,APARTMENT,SALE,853,43,GOOD,$2.90,01-12-2023,7,Commercial,Beaufort,L-6380,Luxembourg
acc-40406959-905,854,HOUSE,SALE,854,43,GOOD,$8.43,19-01-2024,75,Pawling,Netishyn,,Ukraine
acc-43867395-395,855,HOUSE,RENT,855,43,GOOD,$7.92,29-01-2024,7,Helena,New York City,10004,United States
acc-93782556-891,856,HOUSE,RENT,856,43,QUITE_GOOD,$6.81,13-12-2023,21,Morning,Saint-Brieuc,22025 CEDEX 1,France
acc-81351556-684,857,HOUSE,SALE,857,43,VERY_GOOD,$1.32,02-01-2024,62020,Northland,Brzeźnica,68-113,Poland
acc-36630033-159,858,HOUSE,RENT,858,43,GOOD,$9.80,24-02-2024,7357,Muir,Mberubu,,Nigeria
acc-67593008-204,859,HOUSE,RENT,859,43,QUITE_GOOD,$8.20,21-01-2024,9,Express,Thành Phố Hạ Long,,Vietnam
acc-65799687-293,860,HOUSE,SALE,860,43,GOOD,$8.58,24-01-2024,9,Dapin,Manggu,,Indonesia
acc-12376956-077,861,APARTMENT,RENT,861,43,NEW,$9.71,11-02-2024,2305,Tony,Guéret,23009 CEDEX,France
acc-19841868-122,862,APARTMENT,RENT,862,43,GOOD,$0.08,10-12-2023,410,Hauk,Grand Forks,58207,United States
acc-54067269-366,863,APARTMENT,RENT,863,43,NEW,$5.94,08-02-2024,268,Truax,Gręboszów,33-260,Poland
acc-64590266-702,864,APARTMENT,SALE,864,43,GOOD,$2.94,19-01-2024,975,Center,Darungan,,Indonesia
acc-37600463-863,865,HOUSE,SALE,865,43,GOOD,$2.24,28-02-2024,7,Algoma,Mawu,,China
acc-39989788-954,866,HOUSE,RENT,866,43,QUITE_GOOD,$4.28,10-12-2023,62,Kinsman,Göteborg,418 77,Sweden
acc-07331250-389,867,APARTMENT,RENT,867,43,VERY_GOOD,$2.89,27-01-2024,362,Bashford,Shazikou,,China
acc-60379869-666,868,HOUSE,RENT,868,43,NEW,$8.87,23-01-2024,07418,Northwestern,Trzebunia,32-438,Poland
acc-22042941-700,869,HOUSE,RENT,869,43,VERY_GOOD,$4.17,31-12-2023,36,Nova,Pervomaysk,307350,Russia
acc-30961159-927,870,HOUSE,RENT,870,43,VERY_GOOD,$9.69,16-12-2023,9241,Lien,Dongzhang,,China
acc-98259829-056,871,HOUSE,SALE,871,43,QUITE_GOOD,$0.42,26-12-2023,94459,Hayes,Dragomer,1358,Slovenia
acc-80004301-205,872,HOUSE,RENT,872,43,VERY_GOOD,$5.10,29-02-2024,288,Swallow,Yovon,,Tajikistan
acc-86733914-564,873,HOUSE,RENT,873,43,QUITE_GOOD,$7.12,05-12-2023,4913,Elka,Caleufú,6387,Argentina
acc-19041636-870,874,APARTMENT,SALE,874,43,GOOD,$0.18,27-12-2023,031,Fordem,Puerto Galera,5203,Philippines
acc-98515888-047,875,HOUSE,RENT,875,43,VERY_GOOD,$0.13,19-12-2023,00,Superior,Moose Jaw,S6J,Canada
acc-71471338-679,876,APARTMENT,RENT,876,44,NEW,$0.67,26-12-2023,4283,Hoard,Novoul’yanovsk,433300,Russia
acc-27931302-748,877,HOUSE,SALE,877,44,GOOD,$4.34,19-02-2024,015,Merrick,Simajia,,China
acc-84583283-176,878,APARTMENT,SALE,878,44,QUITE_GOOD,$8.24,25-12-2023,1,Division,Lelystad,8229,Netherlands
acc-16193591-936,879,HOUSE,RENT,879,44,QUITE_GOOD,$9.16,06-02-2024,1169,Kensington,Mrongi Daja,,Indonesia
acc-55593440-072,880,APARTMENT,RENT,880,44,VERY_GOOD,$6.15,10-12-2023,2329,Dunning,Beishan,,China
acc-79867632-257,881,HOUSE,RENT,881,44,NEW,$2.23,21-12-2023,60731,Duke,San Isidro,8421,Philippines
acc-61986639-467,882,HOUSE,SALE,882,44,VERY_GOOD,$7.18,14-12-2023,4,Blackbird,La Calera,4158,Argentina
acc-66937196-747,883,APARTMENT,SALE,883,44,GOOD,$8.81,10-01-2024,6,Schiller,Chãos,4640-301,Portugal
acc-40246338-083,884,HOUSE,SALE,884,44,VERY_GOOD,$4.87,02-01-2024,83703,Hayes,Rouen,76011 CEDEX,France
acc-05254036-546,885,HOUSE,SALE,885,44,QUITE_GOOD,$5.56,24-01-2024,947,Raven,Karangparwa,,Indonesia
acc-06064065-020,886,HOUSE,RENT,886,44,QUITE_GOOD,$5.02,03-12-2023,6,Clyde Gallagher,Jinhu,,China
acc-82829305-667,887,HOUSE,SALE,887,44,VERY_GOOD,$3.21,21-02-2024,45,Roxbury,Krasnystaw,22-300,Poland
acc-53687845-038,888,APARTMENT,RENT,888,44,VERY_GOOD,$2.91,03-02-2024,82392,Daystar,Englewood,80150,United States
acc-55507901-990,889,HOUSE,SALE,889,44,VERY_GOOD,$0.85,28-12-2023,18141,Valley Edge,Jatisari,,Indonesia
acc-20211298-828,890,APARTMENT,SALE,890,44,NEW,$6.82,24-12-2023,3073,Iowa,Patapan,,Indonesia
acc-59805401-438,891,HOUSE,RENT,891,44,GOOD,$1.69,02-01-2024,0,Forster,San Agustín,418077,Colombia
acc-87122642-274,892,HOUSE,SALE,892,44,VERY_GOOD,$7.13,11-02-2024,604,Chinook,Tours,37072 CEDEX 2,France
acc-29524180-947,893,APARTMENT,RENT,893,44,VERY_GOOD,$7.18,14-12-2023,2,Oakridge,Yasnyy,462781,Russia
acc-04734299-801,894,APARTMENT,RENT,894,44,GOOD,$2.83,09-01-2024,26,Continental,Da Nang,,Vietnam
acc-37184080-252,895,HOUSE,RENT,895,44,QUITE_GOOD,$6.02,09-02-2024,40,Warrior,Labinot-Mal,,Albania
acc-38449547-459,896,APARTMENT,SALE,896,44,GOOD,$6.52,29-02-2024,921,Cascade,Si’en,,China
acc-72853110-870,897,HOUSE,RENT,897,44,VERY_GOOD,$0.69,16-01-2024,5,Arkansas,Alabug,4507,Philippines
acc-36117293-874,898,APARTMENT,SALE,898,44,GOOD,$4.88,11-02-2024,8,Ridge Oak,Ipu,62250-000,Brazil
acc-88289917-667,899,HOUSE,SALE,899,44,QUITE_GOOD,$4.99,05-12-2023,38769,Glacier Hill,Kalatongke,,China
acc-86446195-387,900,APARTMENT,RENT,900,44,NEW,$4.75,02-02-2024,06,Barnett,Beaverlodge,G8A,Canada
acc-92186702-926,901,HOUSE,SALE,901,45,QUITE_GOOD,$6.32,01-02-2024,9,Del Sol,Bara Datu,,Indonesia
acc-76154825-281,902,HOUSE,RENT,902,45,GOOD,$3.96,19-01-2024,5346,Badeau,Santa María de Ipire,,Venezuela
acc-43438724-355,903,HOUSE,RENT,903,45,GOOD,$7.82,02-12-2023,88190,Vera,Chegutu,,Zimbabwe
acc-09621749-842,904,APARTMENT,SALE,904,45,VERY_GOOD,$4.82,11-12-2023,193,Longview,Cerro de Pasco,,Peru
acc-92231719-705,905,HOUSE,RENT,905,45,NEW,$5.71,08-02-2024,792,Dexter,Mandapajaya,,Indonesia
acc-63805889-517,906,APARTMENT,SALE,906,45,VERY_GOOD,$1.99,07-01-2024,0,Johnson,Adelaide Mail Centre,5889,Australia
acc-94192238-922,907,APARTMENT,RENT,907,45,GOOD,$4.67,09-01-2024,791,Butternut,Michałów-Reginów,61-731,Poland
acc-18015658-539,908,APARTMENT,RENT,908,45,NEW,$7.31,28-01-2024,90,Springview,Pantalowice,37-224,Poland
acc-35273824-153,909,HOUSE,RENT,909,45,NEW,$8.43,27-01-2024,9567,Ronald Regan,Phan Thong,20160,Thailand
acc-33592342-039,910,APARTMENT,SALE,910,45,VERY_GOOD,$0.62,30-01-2024,63967,Sachtjen,Manizales,170017,Colombia
acc-08199538-240,911,APARTMENT,SALE,911,45,QUITE_GOOD,$7.33,21-12-2023,7,Dunning,Xaysetha,,Laos
acc-78720309-555,912,HOUSE,SALE,912,45,VERY_GOOD,$9.51,28-12-2023,318,Pleasure,Makuyuni,,Tanzania
acc-04169451-358,913,APARTMENT,SALE,913,45,NEW,$0.83,07-01-2024,204,Summer Ridge,Vysokogornyy,413242,Russia
acc-59909199-007,914,APARTMENT,SALE,914,45,VERY_GOOD,$7.77,24-12-2023,440,Lake View,Chelles,77504 CEDEX,France
acc-53583831-839,915,APARTMENT,RENT,915,45,QUITE_GOOD,$5.23,15-02-2024,7,Forster,Hronov,549 31,Czech Republic
acc-30029987-335,916,HOUSE,RENT,916,45,GOOD,$3.46,28-01-2024,7,Anzinger,Milín,261 01,Czech Republic
acc-80632946-932,917,APARTMENT,RENT,917,45,NEW,$9.26,08-01-2024,416,Schiller,Sergeyevka,142516,Russia
acc-45874391-967,918,HOUSE,RENT,918,45,NEW,$9.74,29-02-2024,1,Hooker,Buriti Bravo,65685-000,Brazil
acc-62542673-411,919,APARTMENT,RENT,919,45,VERY_GOOD,$7.98,10-01-2024,6685,Grim,Allen,6405,Philippines
acc-72152299-824,920,HOUSE,RENT,920,45,QUITE_GOOD,$3.81,10-01-2024,7,Acker,Xishan,,China
acc-56684087-025,921,APARTMENT,SALE,921,45,QUITE_GOOD,$1.71,04-01-2024,38159,Pleasure,Kozelets’,,Ukraine
acc-05191513-670,922,APARTMENT,SALE,922,45,NEW,$9.33,31-12-2023,3637,Delladonna,Ushibuka,700-0904,Japan
acc-85006869-213,923,HOUSE,SALE,923,45,VERY_GOOD,$4.97,30-01-2024,93,Twin Pines,Al Bahlūlīyah,,Syria
acc-20946311-134,924,APARTMENT,RENT,924,45,QUITE_GOOD,$2.47,28-12-2023,142,Hagan,Clondalkin,D24,Ireland
acc-15630246-484,925,APARTMENT,RENT,925,45,NEW,$7.51,30-12-2023,72,Stoughton,Voyinka,,Ukraine
acc-96767399-266,926,APARTMENT,RENT,926,46,QUITE_GOOD,$6.31,13-12-2023,8977,Clove,Krajan Puru,,Indonesia
acc-50381030-786,927,APARTMENT,RENT,927,46,VERY_GOOD,$5.38,29-01-2024,1,Main,Uyovu,,Tanzania
acc-35184646-858,928,APARTMENT,RENT,928,46,GOOD,$0.20,29-02-2024,7918,Shopko,La Fortuna,50402,Costa Rica
acc-35592851-015,929,APARTMENT,SALE,929,46,QUITE_GOOD,$8.27,25-01-2024,82,Sutherland,Barbosa,684517,Colombia
acc-02221325-487,930,HOUSE,RENT,930,46,GOOD,$2.54,03-02-2024,2158,Monica,Yunchi,,China
acc-90853499-949,931,HOUSE,RENT,931,46,NEW,$5.83,20-02-2024,3,Upham,Tuusula,04380,Finland
acc-36290414-728,932,APARTMENT,SALE,932,46,QUITE_GOOD,$9.35,17-12-2023,152,Kensington,Urug,,Indonesia
acc-31835662-606,933,APARTMENT,SALE,933,46,QUITE_GOOD,$1.97,02-12-2023,0,3rd,Lysice,679 71,Czech Republic
acc-75065918-846,934,APARTMENT,SALE,934,46,VERY_GOOD,$1.70,29-02-2024,6,Lien,Wiyayu Barat,,Indonesia
acc-78275176-395,935,APARTMENT,RENT,935,46,VERY_GOOD,$9.66,10-12-2023,4,Knutson,Janów,42-253,Poland
acc-03629720-133,936,APARTMENT,SALE,936,46,VERY_GOOD,$2.21,21-02-2024,14809,Bultman,Hüremt,,Mongolia
acc-91658799-117,937,APARTMENT,RENT,937,46,QUITE_GOOD,$9.24,19-02-2024,7595,New Castle,Albania,684537,Colombia
acc-44055296-693,938,APARTMENT,SALE,938,46,GOOD,$5.39,27-01-2024,8186,Sullivan,Hingatungan,2500,Philippines
acc-99273852-726,939,APARTMENT,RENT,939,46,QUITE_GOOD,$9.04,23-02-2024,4526,Melby,Lashkar Gāh,,Afghanistan
acc-71711881-919,940,APARTMENT,RENT,940,46,NEW,$1.66,30-12-2023,128,Nobel,Souran,,Syria
acc-93430621-056,941,APARTMENT,SALE,941,46,NEW,$7.57,30-01-2024,3,Eagle Crest,Shengao,,China
acc-93411682-398,942,APARTMENT,RENT,942,46,GOOD,$3.14,18-02-2024,8,Brentwood,Kharkiv,,Ukraine
acc-81728000-753,943,APARTMENT,SALE,943,46,QUITE_GOOD,$2.25,11-01-2024,322,Butternut,Kadyy,157980,Russia
acc-10477813-086,944,APARTMENT,SALE,944,46,VERY_GOOD,$7.36,08-01-2024,4,Sutteridge,Yunchi,,China
acc-70927893-952,945,APARTMENT,SALE,945,46,VERY_GOOD,$3.42,13-02-2024,2,International,Riyue,,China
acc-84442846-615,946,HOUSE,SALE,946,46,NEW,$2.74,29-01-2024,71606,Texas,Baoshui,,China
acc-80075582-273,947,HOUSE,RENT,947,46,NEW,$6.00,10-12-2023,4317,John Wall,Colonia Yguazú,,Paraguay
acc-13975708-691,948,HOUSE,SALE,948,46,VERY_GOOD,$6.10,26-01-2024,049,Bay,Liushun,,China
acc-94350647-393,949,APARTMENT,SALE,949,46,NEW,$2.22,08-01-2024,3,Grim,Linhu,,China
acc-98228365-089,950,APARTMENT,RENT,950,46,VERY_GOOD,$9.86,24-12-2023,26803,Hudson,Karlstad,651 01,Sweden
acc-02073579-976,951,APARTMENT,RENT,951,47,NEW,$1.30,18-12-2023,6042,Messerschmidt,Maagnas,4424,Philippines
acc-83749535-619,952,HOUSE,RENT,952,47,QUITE_GOOD,$2.77,27-02-2024,602,Vidon,Saint-Ambroise,G7P,Canada
acc-02600145-848,953,APARTMENT,SALE,953,47,NEW,$6.20,21-01-2024,460,Hazelcrest,Thị Trấn Quán Lào,,Vietnam
acc-41374179-444,954,APARTMENT,RENT,954,47,NEW,$1.25,13-01-2024,4094,Brentwood,Bandung,,Indonesia
acc-18556278-351,955,HOUSE,SALE,955,47,NEW,$6.27,08-01-2024,5929,Monica,Shums’k,,Ukraine
acc-03718544-266,956,HOUSE,RENT,956,47,NEW,$2.55,13-12-2023,589,Rutledge,Gapuk,,Indonesia
acc-60784516-931,957,HOUSE,SALE,957,47,NEW,$4.19,03-02-2024,38,International,Buyant,,Mongolia
acc-08980545-805,958,APARTMENT,SALE,958,47,GOOD,$4.73,22-01-2024,45380,Maple Wood,Guandukou,,China
acc-84544873-778,959,APARTMENT,RENT,959,47,QUITE_GOOD,$2.66,11-01-2024,2,Lighthouse Bay,Jām Sāhib,76141,Pakistan
acc-55988564-170,960,HOUSE,SALE,960,47,VERY_GOOD,$2.37,31-01-2024,02540,Thompson,Dula’er Ewenke Minzu,,China
acc-97690686-583,961,APARTMENT,SALE,961,47,GOOD,$7.72,16-02-2024,43856,Caliangt,Portel,7220-357,Portugal
acc-00590469-516,962,HOUSE,SALE,962,47,VERY_GOOD,$3.29,31-12-2023,8396,Dixon,Barr,67144 CEDEX,France
acc-58064436-981,963,APARTMENT,RENT,963,47,NEW,$7.77,15-02-2024,0,Raven,Idi Iroko,,Nigeria
acc-31627661-726,964,APARTMENT,RENT,964,47,GOOD,$2.15,22-01-2024,3,Tony,Kapyl’,,Belarus
acc-18878747-951,965,APARTMENT,RENT,965,47,VERY_GOOD,$9.86,03-12-2023,0,Haas,Tafraout,,Morocco
acc-19224984-855,966,HOUSE,SALE,966,47,QUITE_GOOD,$1.61,03-12-2023,36787,Forest Dale,Karangcombong,,Indonesia
acc-48752211-249,967,HOUSE,SALE,967,47,QUITE_GOOD,$3.39,30-12-2023,071,Marquette,Verkhnya Syrovatka,,Ukraine
acc-82876942-432,968,APARTMENT,SALE,968,47,QUITE_GOOD,$1.37,10-02-2024,1144,Birchwood,Xinbu,,China
acc-56053443-997,969,HOUSE,SALE,969,47,NEW,$5.07,19-02-2024,51,Kropf,Quţūr,,Egypt
acc-01450502-627,970,HOUSE,RENT,970,47,NEW,$4.36,31-01-2024,7153,Golf View,Pizarrete,10608,Dominican Republic
acc-73236049-825,971,APARTMENT,SALE,971,47,VERY_GOOD,$1.75,11-01-2024,952,Hermina,Sirre,,Ethiopia
acc-33941016-283,972,HOUSE,SALE,972,47,GOOD,$2.53,23-02-2024,6,Carey,Karobokan,,Indonesia
acc-05839325-229,973,HOUSE,RENT,973,47,QUITE_GOOD,$2.30,18-01-2024,77,Delaware,Alah Sāy,,Afghanistan
acc-00795004-684,974,APARTMENT,RENT,974,47,NEW,$2.58,03-12-2023,28,Graedel,Barbosa,684517,Colombia
acc-69945147-059,975,APARTMENT,SALE,975,47,VERY_GOOD,$6.68,22-02-2024,63,Roth,Marigot,,Haiti
acc-73793304-826,976,APARTMENT,RENT,976,48,NEW,$3.22,19-02-2024,094,Bayside,Ar Ruţbah,,Iraq
acc-74214410-289,977,HOUSE,SALE,977,48,GOOD,$4.71,21-02-2024,9,Lukken,Benito Juarez,68448,Mexico
acc-15941599-770,978,HOUSE,SALE,978,48,VERY_GOOD,$4.37,18-12-2023,29,Service,Guyang,,China
acc-97273437-556,979,APARTMENT,SALE,979,48,QUITE_GOOD,$2.65,03-01-2024,80800,Debs,Naḥf,,Israel
acc-43608439-007,980,HOUSE,RENT,980,48,VERY_GOOD,$5.09,21-12-2023,2258,Russell,Jiuchenggong,,China
acc-67081396-844,981,APARTMENT,RENT,981,48,VERY_GOOD,$6.64,16-12-2023,01,Dovetail,Youdunjie,,China
acc-15227948-371,982,APARTMENT,SALE,982,48,GOOD,$8.06,23-02-2024,5,Sycamore,Nicoya,50201,Costa Rica
acc-82618882-847,983,HOUSE,SALE,983,48,QUITE_GOOD,$6.12,11-02-2024,92736,Waxwing,Zaragoza,50080,Spain
acc-95717858-811,984,HOUSE,SALE,984,48,NEW,$8.20,12-01-2024,3,Forest,Maych’ew,,Ethiopia
acc-94745853-351,985,HOUSE,SALE,985,48,QUITE_GOOD,$7.75,13-01-2024,1,Corben,Богданци,1488,Macedonia
acc-41391501-673,986,HOUSE,RENT,986,48,QUITE_GOOD,$0.60,05-02-2024,96098,Oak Valley,Fanrong,,China
acc-81601806-861,987,APARTMENT,SALE,987,48,QUITE_GOOD,$2.85,09-01-2024,86177,Meadow Ridge,Huangtu,,China
acc-70008078-834,988,APARTMENT,RENT,988,48,VERY_GOOD,$3.30,26-01-2024,16,Bluestem,Mayakovski,,Armenia
acc-16240697-053,989,APARTMENT,SALE,989,48,QUITE_GOOD,$8.52,01-01-2024,15314,Larry,Lago da Pedra,65715-000,Brazil
acc-78967752-764,990,APARTMENT,SALE,990,48,GOOD,$5.43,31-01-2024,85482,Sheridan,El Calvario,68213,Mexico
acc-63100116-259,991,HOUSE,RENT,991,48,NEW,$6.79,18-12-2023,7196,Cascade,Dubăsari,MD-3714,Moldova
acc-94457402-078,992,HOUSE,RENT,992,48,GOOD,$6.66,05-01-2024,95,Del Sol,Nemby,,Paraguay
acc-71990569-122,993,APARTMENT,SALE,993,48,VERY_GOOD,$3.40,16-01-2024,2130,Gulseth,Bangbayang,,Indonesia
acc-01379912-422,994,APARTMENT,SALE,994,48,VERY_GOOD,$1.59,01-12-2023,716,Sloan,Cabanbanan,4010,Philippines
acc-39816410-402,995,APARTMENT,RENT,995,48,QUITE_GOOD,$3.52,23-12-2023,82,Northview,Detroit,48258,United States
acc-13171144-744,996,APARTMENT,RENT,996,48,QUITE_GOOD,$3.73,09-02-2024,675,Cascade,Přibyslav,549 01,Czech Republic
acc-10600777-569,997,HOUSE,SALE,997,48,NEW,$7.43,24-12-2023,08,Bultman,Waekolong,,Indonesia
acc-32356264-978,998,APARTMENT,SALE,998,48,QUITE_GOOD,$7.71,15-12-2023,0705,Declaration,Biskamzha,655735,Russia
acc-38029742-875,999,APARTMENT,SALE,999,48,NEW,$4.72,25-02-2024,93101,1st,Zamoskvorech’ye,142817,Russia
acc-04952235-240,1000,HOUSE,SALE,1000,48,NEW,$9.60,06-12-2023,25,Bellgrove,Kyonju,,South Korea
